C-ZEITGES-0;C-HCGES-0;F-HF1;F-HF11;F-HF12;F-HF121;F-HF122;F-HF2;F-HF21;F-HF22;F-HF23;F-HF3;F-HF31;F-HF32;F-HF4;F-ALLE_HF
ZEITGES-2004;HC-HC1-HC2;10808.144;3806.276;7001.868;7001.868;0.0;963.953;821.2;142.753;0.0;2133.249;1965.609;167.64;0.0;13905.347
ZEITGES-2004;HC-HC3;2440.161;2427.924;12.236;12.236;0.0;39.711;0.0;39.711;0.0;544.594;544.594;0.0;0.0;3024.465
ZEITGES-2004;HC-HC4;487.615;36.592;451.023;451.023;0.0;133.839;0.0;133.839;0.0;110.471;105.254;5.218;0.0;731.925
ZEITGES-2004;HC-HC5;2604.742;3.82;2600.922;2600.922;0.0;44.169;44.169;0.0;0.0;1673.625;1334.838;338.787;0.0;4322.536
ZEITGES-2004;HC-HC6;378.498;293.059;85.439;85.439;0.0;47.713;0.0;7.916;39.797;79.907;79.907;0.0;0.0;506.117
ZEITGES-2004;HC-HC7;547.5;75.877;471.623;471.623;0.0;492.668;492.668;0.0;0.0;0.0;0.0;0.0;0.0;1040.168
ZEITGES-2004;HC-ALL_HC;17266.659;6643.547;10623.112;10623.112;0.0;1722.053;1358.037;324.22;39.797;4541.846;4030.201;511.645;0.0;23530.559
ZEITGES-2004;HC-HC1;10075.964;3717.351;6358.613;6358.613;0.0;820.389;796.125;24.264;0.0;1753.024;1587.515;165.509;0.0;12649.376
ZEITGES-2004;HC-HC2;732.18;88.925;643.255;643.255;0.0;143.565;25.075;118.49;0.0;380.225;378.094;2.131;0.0;1255.97
ZEITGES-2004;HC-HC11-HC21;6685.07;3021.077;3663.993;3663.993;0.0;847.395;724.315;123.08;0.0;389.861;387.73;2.131;0.0;7922.326
ZEITGES-2004;HC-HC11;6117.568;2985.624;3131.944;3131.944;0.0;723.476;699.24;24.236;0.0;190.663;190.663;0.0;0.0;7031.707
ZEITGES-2004;HC-HC21;567.502;35.453;532.049;532.049;0.0;123.918;25.075;98.843;0.0;199.198;197.067;2.131;0.0;890.618
ZEITGES-2004;HC-HC12-HC22;73.693;37.846;35.847;35.847;0.0;0.0;0.0;0.0;0.0;1.0;1.0;0.0;0.0;74.693
ZEITGES-2004;HC-HC12;73.693;37.846;35.847;35.847;0.0;0.0;0.0;0.0;0.0;1.0;1.0;0.0;0.0;74.693
ZEITGES-2004;HC-HC13-HC23;4038.924;746.409;3292.514;3292.514;0.0;116.559;96.885;19.674;0.0;1742.388;1576.879;165.509;0.0;5897.87
ZEITGES-2004;HC-HC13;3874.245;692.937;3181.308;3181.308;0.0;96.912;96.885;0.027;0.0;1561.361;1395.852;165.509;0.0;5532.518
ZEITGES-2004;HC-HC131;920.214;98.655;821.559;821.559;0.0;4.528;4.528;0.0;0.0;233.355;154.018;79.337;0.0;1158.097
ZEITGES-2004;HC-HC132;746.82;37.58;709.24;709.24;0.0;48.106;48.106;0.0;0.0;772.309;738.922;33.387;0.0;1567.235
ZEITGES-2004;HC-HC133;2132.802;543.4;1589.402;1589.402;0.0;44.251;44.251;0.0;0.0;395.781;342.997;52.784;0.0;2572.835
ZEITGES-2004;HC-HC139;74.409;13.302;61.106;61.106;0.0;0.027;0.0;0.027;0.0;159.915;159.915;0.0;0.0;234.351
ZEITGES-2004;HC-HC23;164.678;53.472;111.206;111.206;0.0;19.647;0.0;19.647;0.0;181.027;181.027;0.0;0.0;365.352
ZEITGES-2004;HC-HC14-HC24;10.458;0.943;9.515;9.515;0.0;0.0;0.0;0.0;0.0;0.0;0.0;0.0;0.0;10.458
ZEITGES-2004;HC-HC14;10.458;0.943;9.515;9.515;0.0;0.0;0.0;0.0;0.0;0.0;0.0;0.0;0.0;10.458
ZEITGES-2004;HC-HC31;948.741;948.741;0.0;0.0;0.0;0.0;0.0;0.0;0.0;522.992;522.992;0.0;0.0;1471.733
ZEITGES-2004;HC-HC32;5.381;5.381;0.0;0.0;0.0;0.0;0.0;0.0;0.0;0.0;0.0;0.0;0.0;5.381
ZEITGES-2004;HC-HC34;1486.039;1473.803;12.236;12.236;0.0;39.711;0.0;39.711;0.0;21.601;21.601;0.0;0.0;1547.351
ZEITGES-2004;HC-HC41;110.616;0.043;110.573;110.573;0.0;0.0;0.0;0.0;0.0;34.226;34.226;0.0;0.0;144.842
ZEITGES-2004;HC-HC42;176.144;0.112;176.032;176.032;0.0;0.0;0.0;0.0;0.0;54.487;54.487;0.0;0.0;230.631
ZEITGES-2004;HC-HC43;200.854;36.436;164.418;164.418;0.0;133.839;0.0;133.839;0.0;21.759;16.541;5.218;0.0;356.453
ZEITGES-2004;HC-HC51;2141.016;0.0;2141.016;2141.016;0.0;10.774;10.774;0.0;0.0;979.662;648.103;331.559;0.0;3131.451
ZEITGES-2004;HC-HC511;2141.016;0.0;2141.016;2141.016;0.0;3.646;3.646;0.0;0.0;331.559;0.0;331.559;0.0;2476.221
ZEITGES-2004;HC-HC512;0.0;0.0;0.0;0.0;0.0;6.44;6.44;0.0;0.0;585.558;585.558;0.0;0.0;591.998
ZEITGES-2004;HC-HC513;0.0;0.0;0.0;0.0;0.0;0.688;0.688;0.0;0.0;62.545;62.545;0.0;0.0;63.233
ZEITGES-2004;HC-HC52;463.726;3.82;459.906;459.906;0.0;33.395;33.395;0.0;0.0;693.964;686.735;7.229;0.0;1191.085
ZEITGES-2004;HC-HC71;53.208;53.208;0.0;0.0;0.0;0.0;0.0;0.0;0.0;0.0;0.0;0.0;0.0;53.208
ZEITGES-2004;HC-HC72;494.292;22.669;471.623;471.623;0.0;492.668;492.668;0.0;0.0;0.0;0.0;0.0;0.0;986.96
ZEITGES-2004;HC-ALLE_HC;17266.659;6643.547;10623.112;10623.112;0.0;1722.053;1358.037;324.22;39.797;4541.846;4030.201;511.645;0.0;23530.559
ZEITGES-2005;HC-HC1-HC2;11422.546;4069.188;7353.358;7353.358;0.0;973.683;832.78;140.903;0.0;2234.169;2074.766;159.402;0.0;14630.398
ZEITGES-2005;HC-HC3;2546.644;2534.074;12.57;12.57;0.0;48.996;0.0;48.996;0.0;573.659;573.659;0.0;0.0;3169.299
ZEITGES-2005;HC-HC4;502.239;42.475;459.765;459.765;0.0;147.24;0.0;147.24;0.0;109.372;103.762;5.61;0.0;758.851
ZEITGES-2005;HC-HC5;2630.353;3.524;2626.829;2626.829;0.0;48.135;48.135;0.0;0.0;1685.217;1338.482;346.735;0.0;4363.704
ZEITGES-2005;HC-HC6;395.938;295.609;100.329;100.329;0.0;49.365;0.0;8.563;40.802;89.786;89.786;0.0;0.0;535.089
ZEITGES-2005;HC-HC7;596.58;72.307;524.272;524.272;0.0;405.957;405.957;0.0;0.0;0.0;0.0;0.0;0.0;1002.537
ZEITGES-2005;HC-ALL_HC;18094.3;7017.177;11077.123;11077.123;0.0;1673.376;1286.872;345.701;40.802;4692.202;4180.455;511.747;0.0;24459.878
ZEITGES-2005;HC-HC1;10636.138;3973.146;6662.992;6662.992;0.0;827.856;806.436;21.42;0.0;1845.311;1687.865;157.446;0.0;13309.305
ZEITGES-2005;HC-HC2;786.408;96.042;690.366;690.366;0.0;145.827;26.344;119.483;0.0;388.858;386.902;1.956;0.0;1321.092
ZEITGES-2005;HC-HC11-HC21;7089.304;3227.334;3861.97;3861.97;0.0;853.24;730.08;123.16;0.0;398.246;396.29;1.956;0.0;8340.79
ZEITGES-2005;HC-HC11;6474.367;3186.922;3287.445;3287.445;0.0;723.714;703.736;19.978;0.0;210.131;210.131;0.0;0.0;7408.212
ZEITGES-2005;HC-HC21;614.938;40.412;574.525;574.525;0.0;129.526;26.344;103.182;0.0;188.115;186.159;1.956;0.0;932.578
ZEITGES-2005;HC-HC12-HC22;82.752;42.964;39.788;39.788;0.0;0.0;0.0;0.0;0.0;1.0;1.0;0.0;0.0;83.752
ZEITGES-2005;HC-HC12;82.752;42.964;39.788;39.788;0.0;0.0;0.0;0.0;0.0;1.0;1.0;0.0;0.0;83.752
ZEITGES-2005;HC-HC13-HC23;4237.21;797.683;3439.528;3439.528;0.0;120.443;102.7;17.743;0.0;1834.923;1677.476;157.446;0.0;6192.576
ZEITGES-2005;HC-HC13;4065.74;742.052;3323.688;3323.688;0.0;104.142;102.7;1.442;0.0;1634.18;1476.733;157.446;0.0;5804.062
ZEITGES-2005;HC-HC131;972.358;100.214;872.145;872.145;0.0;5.95;5.95;0.0;0.0;243.952;178.734;65.218;0.0;1222.26
ZEITGES-2005;HC-HC132;744.141;36.891;707.25;707.25;0.0;49.899;49.899;0.0;0.0;807.075;773.916;33.159;0.0;1601.115
ZEITGES-2005;HC-HC133;2292.892;591.247;1701.646;1701.646;0.0;46.851;46.851;0.0;0.0;404.813;345.743;59.07;0.0;2744.556
ZEITGES-2005;HC-HC139;56.348;13.701;42.647;42.647;0.0;1.442;0.0;1.442;0.0;178.34;178.34;0.0;0.0;236.13
ZEITGES-2005;HC-HC23;171.47;55.63;115.84;115.84;0.0;16.301;0.0;16.301;0.0;200.743;200.743;0.0;0.0;388.514
ZEITGES-2005;HC-HC14-HC24;13.28;1.208;12.073;12.073;0.0;0.0;0.0;0.0;0.0;0.0;0.0;0.0;0.0;13.28
ZEITGES-2005;HC-HC14;13.28;1.208;12.073;12.073;0.0;0.0;0.0;0.0;0.0;0.0;0.0;0.0;0.0;13.28
ZEITGES-2005;HC-HC31;978.819;978.819;0.0;0.0;0.0;0.0;0.0;0.0;0.0;549.551;549.551;0.0;0.0;1528.37
ZEITGES-2005;HC-HC32;8.668;8.668;0.0;0.0;0.0;0.0;0.0;0.0;0.0;0.0;0.0;0.0;0.0;8.668
ZEITGES-2005;HC-HC34;1559.157;1546.587;12.57;12.57;0.0;48.996;0.0;48.996;0.0;24.108;24.108;0.0;0.0;1632.261
ZEITGES-2005;HC-HC41;109.995;0.046;109.948;109.948;0.0;0.0;0.0;0.0;0.0;33.659;33.659;0.0;0.0;143.653
ZEITGES-2005;HC-HC42;176.33;0.105;176.225;176.225;0.0;0.0;0.0;0.0;0.0;53.948;53.948;0.0;0.0;230.278
ZEITGES-2005;HC-HC43;215.915;42.324;173.591;173.591;0.0;147.24;0.0;147.24;0.0;21.765;16.155;5.61;0.0;384.92
ZEITGES-2005;HC-HC51;2182.892;0.0;2182.892;2182.892;0.0;11.665;11.665;0.0;0.0;1043.607;703.648;339.959;0.0;3238.164
ZEITGES-2005;HC-HC511;2182.892;0.0;2182.892;2182.892;0.0;3.8;3.8;0.0;0.0;339.959;0.0;339.959;0.0;2526.651
ZEITGES-2005;HC-HC512;0.0;0.0;0.0;0.0;0.0;6.913;6.913;0.0;0.0;618.496;618.496;0.0;0.0;625.41
ZEITGES-2005;HC-HC513;0.0;0.0;0.0;0.0;0.0;0.952;0.952;0.0;0.0;85.152;85.152;0.0;0.0;86.104
ZEITGES-2005;HC-HC52;447.461;3.524;443.937;443.937;0.0;36.47;36.47;0.0;0.0;641.61;634.834;6.776;0.0;1125.54
ZEITGES-2005;HC-HC71;49.252;49.252;0.0;0.0;0.0;0.0;0.0;0.0;0.0;0.0;0.0;0.0;0.0;49.252
ZEITGES-2005;HC-HC72;547.328;23.056;524.272;524.272;0.0;405.957;405.957;0.0;0.0;0.0;0.0;0.0;0.0;953.285
ZEITGES-2005;HC-ALLE_HC;18094.3;7017.177;11077.123;11077.123;0.0;1673.376;1286.872;345.701;40.802;4692.202;4180.455;511.747;0.0;24459.878
ZEITGES-2006;HC-HC1-HC2;12010.859;4337.707;7673.152;7673.152;0.0;984.333;839.871;144.462;0.0;2227.58;2069.963;157.617;0.0;15222.773
ZEITGES-2006;HC-HC3;2701.875;2689.276;12.599;12.599;0.0;55.295;0.0;55.295;0.0;611.066;611.066;0.0;0.0;3368.236
ZEITGES-2006;HC-HC4;551.7;70.57;481.13;481.13;0.0;176.332;0.0;176.332;0.0;102.257;96.549;5.708;0.0;830.289
ZEITGES-2006;HC-HC5;2756.468;3.063;2753.405;2753.405;0.0;52.736;52.736;0.0;0.0;1767.705;1394.238;373.467;0.0;4576.909
ZEITGES-2006;HC-HC6;403.923;302.335;101.588;101.588;0.0;51.523;0.0;9.342;42.181;92.015;92.015;0.0;0.0;547.46
ZEITGES-2006;HC-HC7;567.14;79.723;487.417;487.417;0.0;413.897;413.897;0.0;0.0;0.0;0.0;0.0;0.0;981.037
ZEITGES-2006;HC-ALL_HC;18991.965;7482.674;11509.291;11509.291;0.0;1734.116;1306.504;385.431;42.181;4800.623;4263.83;536.793;0.0;25526.705
ZEITGES-2006;HC-HC1;11158.757;4227.645;6931.112;6931.112;0.0;826.186;812.432;13.754;0.0;1853.909;1698.537;155.371;0.0;13838.852
ZEITGES-2006;HC-HC2;852.102;110.062;742.04;742.04;0.0;158.147;27.439;130.708;0.0;373.672;371.426;2.246;0.0;1383.921
ZEITGES-2006;HC-HC11-HC21;7480.153;3440.446;4039.707;4039.707;0.0;862.457;741.11;121.347;0.0;383.644;381.398;2.246;0.0;8726.254
ZEITGES-2006;HC-HC11;6814.731;3389.316;3425.414;3425.414;0.0;725.607;713.671;11.936;0.0;217.433;217.433;0.0;0.0;7757.771
ZEITGES-2006;HC-HC21;665.422;51.129;614.293;614.293;0.0;136.85;27.439;109.411;0.0;166.211;163.965;2.246;0.0;968.483
ZEITGES-2006;HC-HC12-HC22;98.803;51.623;47.18;47.18;0.0;0.0;0.0;0.0;0.0;1.0;1.0;0.0;0.0;99.803
ZEITGES-2006;HC-HC12;98.803;51.623;47.18;47.18;0.0;0.0;0.0;0.0;0.0;1.0;1.0;0.0;0.0;99.803
ZEITGES-2006;HC-HC13-HC23;4417.965;844.038;3573.927;3573.927;0.0;121.876;98.761;23.115;0.0;1842.936;1687.565;155.371;0.0;6382.778
ZEITGES-2006;HC-HC13;4231.285;785.105;3446.18;3446.18;0.0;100.579;98.761;1.818;0.0;1635.476;1480.104;155.371;0.0;5967.34
ZEITGES-2006;HC-HC131;992.338;100.612;891.726;891.726;0.0;5.175;5.175;0.0;0.0;214.073;160.728;53.345;0.0;1211.586
ZEITGES-2006;HC-HC132;761.119;36.538;724.581;724.581;0.0;45.742;45.742;0.0;0.0;843.564;811.269;32.295;0.0;1650.425
ZEITGES-2006;HC-HC133;2416.142;632.767;1783.375;1783.375;0.0;47.844;47.844;0.0;0.0;393.571;323.839;69.731;0.0;2857.556
ZEITGES-2006;HC-HC139;61.687;15.189;46.498;46.498;0.0;1.818;0.0;1.818;0.0;184.268;184.268;0.0;0.0;247.773
ZEITGES-2006;HC-HC23;186.68;58.933;127.747;127.747;0.0;21.297;0.0;21.297;0.0;207.461;207.461;0.0;0.0;415.438
ZEITGES-2006;HC-HC14-HC24;13.938;1.6;12.338;12.338;0.0;0.0;0.0;0.0;0.0;0.0;0.0;0.0;0.0;13.938
ZEITGES-2006;HC-HC14;13.938;1.6;12.338;12.338;0.0;0.0;0.0;0.0;0.0;0.0;0.0;0.0;0.0;13.938
ZEITGES-2006;HC-HC31;1062.302;1062.302;0.0;0.0;0.0;0.0;0.0;0.0;0.0;583.587;583.587;0.0;0.0;1645.888
ZEITGES-2006;HC-HC32;10.931;10.931;0.0;0.0;0.0;0.0;0.0;0.0;0.0;0.0;0.0;0.0;0.0;10.931
ZEITGES-2006;HC-HC34;1628.642;1616.043;12.599;12.599;0.0;55.295;0.0;55.295;0.0;27.479;27.479;0.0;0.0;1711.417
ZEITGES-2006;HC-HC41;118.468;0.052;118.416;118.416;0.0;0.0;0.0;0.0;0.0;31.552;31.552;0.0;0.0;150.019
ZEITGES-2006;HC-HC42;181.754;0.095;181.659;181.659;0.0;0.0;0.0;0.0;0.0;48.403;48.403;0.0;0.0;230.156
ZEITGES-2006;HC-HC43;251.479;70.423;181.055;181.055;0.0;176.332;0.0;176.332;0.0;22.303;16.595;5.708;0.0;450.113
ZEITGES-2006;HC-HC51;2288.599;0.0;2288.599;2288.599;0.0;12.626;12.626;0.0;0.0;1086.443;719.58;366.863;0.0;3387.668
ZEITGES-2006;HC-HC511;2288.599;0.0;2288.599;2288.599;0.0;4.263;4.263;0.0;0.0;366.863;0.0;366.863;0.0;2659.726
ZEITGES-2006;HC-HC512;0.0;0.0;0.0;0.0;0.0;7.392;7.392;0.0;0.0;636.107;636.107;0.0;0.0;643.499
ZEITGES-2006;HC-HC513;0.0;0.0;0.0;0.0;0.0;0.97;0.97;0.0;0.0;83.473;83.473;0.0;0.0;84.443
ZEITGES-2006;HC-HC52;467.869;3.063;464.806;464.806;0.0;40.11;40.11;0.0;0.0;681.263;674.658;6.604;0.0;1189.241
ZEITGES-2006;HC-HC71;55.495;55.495;0.0;0.0;0.0;0.0;0.0;0.0;0.0;0.0;0.0;0.0;0.0;55.495
ZEITGES-2006;HC-HC72;511.644;24.228;487.417;487.417;0.0;413.897;413.897;0.0;0.0;0.0;0.0;0.0;0.0;925.541
ZEITGES-2006;HC-ALLE_HC;18991.965;7482.674;11509.291;11509.291;0.0;1734.116;1306.504;385.431;42.181;4800.623;4263.83;536.793;0.0;25526.705
ZEITGES-2007;HC-HC1-HC2;12710.263;4590.119;8120.144;8120.144;0.0;1018.68;861.68;157.0;0.0;2351.886;2190.234;161.652;0.0;16080.829
ZEITGES-2007;HC-HC3;2810.512;2797.98;12.531;12.531;0.0;58.167;0.0;58.167;0.0;655.381;655.381;0.0;0.0;3524.06
ZEITGES-2007;HC-HC4;569.175;72.15;497.025;497.025;0.0;225.319;0.0;225.319;0.0;103.663;97.859;5.804;0.0;898.156
ZEITGES-2007;HC-HC5;2987.037;2.753;2984.284;2984.284;0.0;58.309;58.309;0.0;0.0;1876.612;1481.709;394.902;0.0;4921.957
ZEITGES-2007;HC-HC6;439.691;327.613;112.079;112.079;0.0;55.284;0.0;10.153;45.131;103.101;103.101;0.0;0.0;598.077
ZEITGES-2007;HC-HC7;613.134;77.162;535.972;535.972;0.0;432.842;432.842;0.0;0.0;0.0;0.0;0.0;0.0;1045.976
ZEITGES-2007;HC-ALL_HC;20129.811;7867.776;12262.035;12262.035;0.0;1848.601;1352.831;450.638;45.131;5090.644;4528.285;562.359;0.0;27069.055
ZEITGES-2007;HC-HC1;11787.809;4471.481;7316.328;7316.328;0.0;850.2;833.102;17.098;0.0;1953.562;1794.399;159.163;0.0;14591.57
ZEITGES-2007;HC-HC2;922.454;118.638;803.816;803.816;0.0;168.48;28.578;139.902;0.0;398.324;395.835;2.49;0.0;1489.259
ZEITGES-2007;HC-HC11-HC21;7868.344;3628.339;4240.005;4240.005;0.0;896.289;762.782;133.507;0.0;389.254;386.764;2.49;0.0;9153.887
ZEITGES-2007;HC-HC11;7148.312;3574.746;3573.565;3573.565;0.0;749.458;734.204;15.254;0.0;220.96;220.96;0.0;0.0;8118.73
ZEITGES-2007;HC-HC21;720.032;53.592;666.44;666.44;0.0;146.831;28.578;118.253;0.0;168.294;165.804;2.49;0.0;1035.157
ZEITGES-2007;HC-HC12-HC22;104.982;54.857;50.125;50.125;0.0;0.0;0.0;0.0;0.0;1.0;1.0;0.0;0.0;105.982
ZEITGES-2007;HC-HC12;104.982;54.857;50.125;50.125;0.0;0.0;0.0;0.0;0.0;1.0;1.0;0.0;0.0;105.982
ZEITGES-2007;HC-HC13-HC23;4721.42;904.273;3817.147;3817.147;0.0;122.391;98.898;23.493;0.0;1961.633;1802.47;159.163;0.0;6805.443
ZEITGES-2007;HC-HC13;4518.998;839.227;3679.771;3679.771;0.0;100.741;98.898;1.843;0.0;1731.602;1572.439;159.163;0.0;6351.341
ZEITGES-2007;HC-HC131;1059.122;106.337;952.785;952.785;0.0;4.527;4.527;0.0;0.0;222.304;168.137;54.166;0.0;1285.952
ZEITGES-2007;HC-HC132;792.034;40.256;751.778;751.778;0.0;42.379;42.379;0.0;0.0;878.494;845.006;33.488;0.0;1712.907
ZEITGES-2007;HC-HC133;2600.009;675.706;1924.303;1924.303;0.0;51.992;51.992;0.0;0.0;425.645;354.137;71.509;0.0;3077.646
ZEITGES-2007;HC-HC139;67.833;16.928;50.905;50.905;0.0;1.843;0.0;1.843;0.0;205.159;205.159;0.0;0.0;274.835
ZEITGES-2007;HC-HC23;202.422;65.046;137.376;137.376;0.0;21.649;0.0;21.649;0.0;230.031;230.031;0.0;0.0;454.102
ZEITGES-2007;HC-HC14-HC24;15.517;2.649;12.868;12.868;0.0;0.0;0.0;0.0;0.0;0.0;0.0;0.0;0.0;15.517
ZEITGES-2007;HC-HC14;15.517;2.649;12.868;12.868;0.0;0.0;0.0;0.0;0.0;0.0;0.0;0.0;0.0;15.517
ZEITGES-2007;HC-HC31;1106.339;1106.339;0.0;0.0;0.0;0.0;0.0;0.0;0.0;623.373;623.373;0.0;0.0;1729.712
ZEITGES-2007;HC-HC32;11.469;11.469;0.0;0.0;0.0;0.0;0.0;0.0;0.0;0.0;0.0;0.0;0.0;11.469
ZEITGES-2007;HC-HC34;1692.704;1680.172;12.531;12.531;0.0;58.167;0.0;58.167;0.0;32.008;32.008;0.0;0.0;1782.879
ZEITGES-2007;HC-HC41;122.933;0.057;122.876;122.876;0.0;0.0;0.0;0.0;0.0;32.183;32.183;0.0;0.0;155.117
ZEITGES-2007;HC-HC42;186.593;0.137;186.457;186.457;0.0;0.0;0.0;0.0;0.0;48.836;48.836;0.0;0.0;235.43
ZEITGES-2007;HC-HC43;259.648;71.956;187.692;187.692;0.0;225.319;0.0;225.319;0.0;22.643;16.839;5.804;0.0;507.61
ZEITGES-2007;HC-HC51;2495.804;0.0;2495.804;2495.804;0.0;14.077;14.077;0.0;0.0;1140.771;752.576;388.195;0.0;3650.653
ZEITGES-2007;HC-HC511;2495.804;0.0;2495.804;2495.804;0.0;4.79;4.79;0.0;0.0;388.195;0.0;388.195;0.0;2888.79
ZEITGES-2007;HC-HC512;0.0;0.0;0.0;0.0;0.0;8.275;8.275;0.0;0.0;670.624;670.624;0.0;0.0;678.9
ZEITGES-2007;HC-HC513;0.0;0.0;0.0;0.0;0.0;1.011;1.011;0.0;0.0;81.952;81.952;0.0;0.0;82.963
ZEITGES-2007;HC-HC52;491.233;2.753;488.48;488.48;0.0;44.232;44.232;0.0;0.0;735.84;729.133;6.707;0.0;1271.305
ZEITGES-2007;HC-HC71;54.306;54.306;0.0;0.0;0.0;0.0;0.0;0.0;0.0;0.0;0.0;0.0;0.0;54.306
ZEITGES-2007;HC-HC72;558.828;22.855;535.972;535.972;0.0;432.842;432.842;0.0;0.0;0.0;0.0;0.0;0.0;991.67
ZEITGES-2007;HC-ALLE_HC;20129.811;7867.776;12262.035;12262.035;0.0;1848.601;1352.831;450.638;45.131;5090.644;4528.285;562.359;0.0;27069.055
ZEITGES-2008;HC-HC1-HC2;13475.012;5072.714;8402.298;8402.298;0.0;1065.599;878.634;186.965;0.0;2367.732;2202.732;165.0;0.0;16908.343
ZEITGES-2008;HC-HC3;3039.558;3027.405;12.154;12.154;0.0;62.212;0.0;62.212;0.0;740.972;740.972;0.0;0.0;3842.742
ZEITGES-2008;HC-HC4;593.601;82.024;511.577;511.577;0.0;220.626;0.0;220.626;0.0;105.912;99.882;6.03;0.0;920.14
ZEITGES-2008;HC-HC5;3202.875;2.522;3200.352;3200.352;0.0;62.234;62.234;0.0;0.0;1895.642;1508.868;386.775;0.0;5160.751
ZEITGES-2008;HC-HC6;435.437;320.993;114.443;114.443;0.0;56.845;0.0;10.605;46.24;102.078;102.078;0.0;0.0;594.36
ZEITGES-2008;HC-HC7;669.463;81.145;588.318;588.318;0.0;474.445;474.445;0.0;0.0;0.0;0.0;0.0;0.0;1143.908
ZEITGES-2008;HC-ALL_HC;21415.946;8586.804;12829.142;12829.142;0.0;1941.961;1415.313;480.408;46.24;5212.336;4654.531;557.805;0.0;28570.243
ZEITGES-2008;HC-HC1;12479.749;4946.469;7533.28;7533.28;0.0;864.473;848.851;15.622;0.0;1894.978;1732.771;162.207;0.0;15239.2
ZEITGES-2008;HC-HC2;995.263;126.245;869.018;869.018;0.0;201.126;29.783;171.343;0.0;472.753;469.96;2.793;0.0;1669.143
ZEITGES-2008;HC-HC11-HC21;8421.738;4003.16;4418.578;4418.578;0.0;936.547;776.128;160.419;0.0;412.45;409.657;2.793;0.0;9770.735
ZEITGES-2008;HC-HC11;7643.272;3946.902;3696.369;3696.369;0.0;759.85;746.345;13.505;0.0;227.235;227.235;0.0;0.0;8630.357
ZEITGES-2008;HC-HC21;778.466;56.258;722.209;722.209;0.0;176.697;29.783;146.914;0.0;185.215;182.422;2.793;0.0;1140.378
ZEITGES-2008;HC-HC12-HC22;136.051;74.788;61.263;61.263;0.0;0.0;0.0;0.0;0.0;1.0;1.0;0.0;0.0;137.051
ZEITGES-2008;HC-HC12;136.051;74.788;61.263;61.263;0.0;0.0;0.0;0.0;0.0;1.0;1.0;0.0;0.0;137.051
ZEITGES-2008;HC-HC13-HC23;4898.664;991.504;3907.16;3907.16;0.0;129.053;102.506;26.547;0.0;1954.282;1792.074;162.207;0.0;6981.998
ZEITGES-2008;HC-HC13;4681.867;921.516;3760.351;3760.351;0.0;104.623;102.506;2.117;0.0;1666.744;1504.536;162.207;0.0;6453.234
ZEITGES-2008;HC-HC131;1087.343;111.148;976.195;976.195;0.0;5.113;5.113;0.0;0.0;212.29;157.603;54.687;0.0;1304.746
ZEITGES-2008;HC-HC132;810.549;40.79;769.759;769.759;0.0;38.769;38.769;0.0;0.0;900.197;865.525;34.672;0.0;1749.516
ZEITGES-2008;HC-HC133;2713.046;752.691;1960.355;1960.355;0.0;58.624;58.624;0.0;0.0;439.957;367.109;72.848;0.0;3211.627
ZEITGES-2008;HC-HC139;70.929;16.887;54.042;54.042;0.0;2.117;0.0;2.117;0.0;114.299;114.299;0.0;0.0;187.345
ZEITGES-2008;HC-HC23;216.797;69.988;146.809;146.809;0.0;24.43;0.0;24.43;0.0;287.538;287.538;0.0;0.0;528.765
ZEITGES-2008;HC-HC14-HC24;18.559;3.262;15.297;15.297;0.0;0.0;0.0;0.0;0.0;0.0;0.0;0.0;0.0;18.559
ZEITGES-2008;HC-HC14;18.559;3.262;15.297;15.297;0.0;0.0;0.0;0.0;0.0;0.0;0.0;0.0;0.0;18.559
ZEITGES-2008;HC-HC31;1255.756;1255.756;0.0;0.0;0.0;0.0;0.0;0.0;0.0;672.243;672.243;0.0;0.0;1927.999
ZEITGES-2008;HC-HC32;16.257;16.257;0.0;0.0;0.0;0.0;0.0;0.0;0.0;0.0;0.0;0.0;0.0;16.257
ZEITGES-2008;HC-HC34;1767.545;1755.392;12.154;12.154;0.0;62.212;0.0;62.212;0.0;68.729;68.729;0.0;0.0;1898.486
ZEITGES-2008;HC-HC41;130.178;0.066;130.112;130.112;0.0;0.0;0.0;0.0;0.0;32.687;32.687;0.0;0.0;162.865
ZEITGES-2008;HC-HC42;189.097;0.118;188.98;188.98;0.0;0.0;0.0;0.0;0.0;47.476;47.476;0.0;0.0;236.573
ZEITGES-2008;HC-HC43;274.326;81.84;192.486;192.486;0.0;220.626;0.0;220.626;0.0;25.749;19.719;6.03;0.0;520.701
ZEITGES-2008;HC-HC51;2676.925;0.0;2676.925;2676.925;0.0;15.323;15.323;0.0;0.0;1145.283;765.925;379.357;0.0;3837.53
ZEITGES-2008;HC-HC511;2676.925;0.0;2676.925;2676.925;0.0;5.076;5.076;0.0;0.0;379.357;0.0;379.357;0.0;3061.357
ZEITGES-2008;HC-HC512;0.0;0.0;0.0;0.0;0.0;9.255;9.255;0.0;0.0;691.709;691.709;0.0;0.0;700.963
ZEITGES-2008;HC-HC513;0.0;0.0;0.0;0.0;0.0;0.993;0.993;0.0;0.0;74.216;74.216;0.0;0.0;75.209
ZEITGES-2008;HC-HC52;525.95;2.522;523.428;523.428;0.0;46.911;46.911;0.0;0.0;750.36;742.942;7.417;0.0;1323.221
ZEITGES-2008;HC-HC71;58.338;58.338;0.0;0.0;0.0;0.0;0.0;0.0;0.0;0.0;0.0;0.0;0.0;58.338
ZEITGES-2008;HC-HC72;611.125;22.806;588.318;588.318;0.0;474.445;474.445;0.0;0.0;0.0;0.0;0.0;0.0;1085.569
ZEITGES-2008;HC-ALLE_HC;21415.946;8586.804;12829.142;12829.142;0.0;1941.961;1415.313;480.408;46.24;5212.336;4654.531;557.805;0.0;28570.243
ZEITGES-2009;HC-HC1-HC2;13984.42;5194.856;8789.564;8789.564;0.0;1076.344;880.504;195.84;0.0;2414.296;2107.706;306.59;0.0;17475.06
ZEITGES-2009;HC-HC3;3368.93;3356.09;12.84;12.84;0.0;64.034;0.0;64.034;0.0;798.513;798.513;0.0;0.0;4231.477
ZEITGES-2009;HC-HC4;610.441;83.972;526.47;526.47;0.0;242.663;0.0;242.663;0.0;107.834;96.775;11.059;0.0;960.939
ZEITGES-2009;HC-HC5;3051.19;2.29;3048.9;3048.9;0.0;71.628;71.628;0.0;0.0;1892.585;1528.727;363.859;0.0;5015.403
ZEITGES-2009;HC-HC6;440.548;322.754;117.794;117.794;0.0;58.868;0.0;11.042;47.826;103.755;103.755;0.0;0.0;603.172
ZEITGES-2009;HC-HC7;664.967;77.818;587.149;587.149;0.0;503.859;503.859;0.0;0.0;0.0;0.0;0.0;0.0;1168.826
ZEITGES-2009;HC-ALL_HC;22120.497;9037.78;13082.716;13082.716;0.0;2017.396;1455.991;513.579;47.826;5316.984;4635.477;681.508;0.0;29454.877
ZEITGES-2009;HC-HC1;12919.603;5058.72;7860.883;7860.883;0.0;855.993;848.543;7.45;0.0;1952.774;1697.286;255.488;0.0;15728.37
ZEITGES-2009;HC-HC2;1064.817;136.135;928.681;928.681;0.0;220.351;31.961;188.39;0.0;461.522;410.421;51.102;0.0;1746.69
ZEITGES-2009;HC-HC11-HC21;8703.953;4083.047;4620.907;4620.907;0.0;941.909;774.494;167.415;0.0;393.158;342.057;51.102;0.0;10039.02
ZEITGES-2009;HC-HC11;7862.746;4018.742;3844.004;3844.004;0.0;747.728;742.533;5.195;0.0;221.927;221.927;0.0;0.0;8832.401
ZEITGES-2009;HC-HC21;841.208;64.305;776.903;776.903;0.0;194.181;31.961;162.22;0.0;171.231;120.129;51.102;0.0;1206.619
ZEITGES-2009;HC-HC12-HC22;137.294;74.002;63.292;63.292;0.0;0.0;0.0;0.0;0.0;1.0;1.0;0.0;0.0;138.294
ZEITGES-2009;HC-HC12;137.294;74.002;63.292;63.292;0.0;0.0;0.0;0.0;0.0;1.0;1.0;0.0;0.0;138.294
ZEITGES-2009;HC-HC13-HC23;5125.158;1035.365;4089.793;4089.793;0.0;134.435;106.01;28.425;0.0;2020.138;1764.65;255.488;0.0;7279.731
ZEITGES-2009;HC-HC13;4901.549;963.535;3938.014;3938.014;0.0;108.264;106.01;2.254;0.0;1729.847;1474.359;255.488;0.0;6739.66
ZEITGES-2009;HC-HC131;1138.63;119.388;1019.243;1019.243;0.0;5.577;5.577;0.0;0.0;224.627;168.895;55.731;0.0;1368.834
ZEITGES-2009;HC-HC132;810.501;40.402;770.099;770.099;0.0;36.777;36.777;0.0;0.0;930.918;804.927;125.99;0.0;1778.196
ZEITGES-2009;HC-HC133;2880.656;788.203;2092.453;2092.453;0.0;63.656;63.656;0.0;0.0;458.984;385.218;73.767;0.0;3403.296
ZEITGES-2009;HC-HC139;71.762;15.542;56.22;56.22;0.0;2.254;0.0;2.254;0.0;115.318;115.318;0.0;0.0;189.334
ZEITGES-2009;HC-HC23;223.609;71.831;151.778;151.778;0.0;26.171;0.0;26.171;0.0;290.291;290.291;0.0;0.0;540.071
ZEITGES-2009;HC-HC14-HC24;18.014;2.442;15.573;15.573;0.0;0.0;0.0;0.0;0.0;0.0;0.0;0.0;0.0;18.014
ZEITGES-2009;HC-HC14;18.014;2.442;15.573;15.573;0.0;0.0;0.0;0.0;0.0;0.0;0.0;0.0;0.0;18.014
ZEITGES-2009;HC-HC31;1400.083;1400.083;0.0;0.0;0.0;0.0;0.0;0.0;0.0;717.687;717.687;0.0;0.0;2117.77
ZEITGES-2009;HC-HC32;19.236;19.236;0.0;0.0;0.0;0.0;0.0;0.0;0.0;0.0;0.0;0.0;0.0;19.236
ZEITGES-2009;HC-HC34;1949.612;1936.771;12.84;12.84;0.0;64.034;0.0;64.034;0.0;80.826;80.826;0.0;0.0;2094.472
ZEITGES-2009;HC-HC41;131.588;0.068;131.52;131.52;0.0;0.0;0.0;0.0;0.0;33.366;33.366;0.0;0.0;164.953
ZEITGES-2009;HC-HC42;189.81;0.113;189.697;189.697;0.0;0.0;0.0;0.0;0.0;48.125;48.125;0.0;0.0;237.935
ZEITGES-2009;HC-HC43;289.044;83.791;205.253;205.253;0.0;242.663;0.0;242.663;0.0;26.344;15.285;11.059;0.0;558.051
ZEITGES-2009;HC-HC51;2506.365;0.0;2506.365;2506.365;0.0;19.865;19.865;0.0;0.0;1117.141;760.646;356.496;0.0;3643.371
ZEITGES-2009;HC-HC511;2506.365;0.0;2506.365;2506.365;0.0;6.339;6.339;0.0;0.0;356.496;0.0;356.496;0.0;2869.2
ZEITGES-2009;HC-HC512;0.0;0.0;0.0;0.0;0.0;12.142;12.142;0.0;0.0;682.838;682.838;0.0;0.0;694.98
ZEITGES-2009;HC-HC513;0.0;0.0;0.0;0.0;0.0;1.384;1.384;0.0;0.0;77.808;77.808;0.0;0.0;79.191
ZEITGES-2009;HC-HC52;544.825;2.29;542.535;542.535;0.0;51.763;51.763;0.0;0.0;775.444;768.081;7.363;0.0;1372.032
ZEITGES-2009;HC-HC71;53.274;53.274;0.0;0.0;0.0;0.0;0.0;0.0;0.0;0.0;0.0;0.0;0.0;53.274
ZEITGES-2009;HC-HC72;611.693;24.545;587.149;587.149;0.0;503.859;503.859;0.0;0.0;0.0;0.0;0.0;0.0;1115.552
ZEITGES-2009;HC-ALLE_HC;22120.497;9037.78;13082.716;13082.716;0.0;2017.396;1455.991;513.579;47.826;5316.984;4635.477;681.508;0.0;29454.877
ZEITGES-2010;HC-HC1-HC2;14325.256;5441.749;8883.507;8883.507;0.0;1099.087;899.392;199.695;0.0;2525.782;2211.181;314.601;0.0;17950.125
ZEITGES-2010;HC-HC3;3459.499;3446.739;12.76;12.76;0.0;68.6;0.0;68.6;0.0;897.604;897.604;0.0;0.0;4425.703
ZEITGES-2010;HC-HC4;622.411;87.008;535.403;535.403;0.0;231.728;0.0;231.728;0.0;120.573;108.799;11.774;0.0;974.712
ZEITGES-2010;HC-HC5;3056.712;1.97;3054.742;3054.742;0.0;78.452;78.452;0.0;0.0;1970.779;1598.471;372.309;0.0;5105.943
ZEITGES-2010;HC-HC6;450.395;331.507;118.888;118.888;0.0;60.258;0.0;11.479;48.779;111.073;111.073;0.0;0.0;621.725
ZEITGES-2010;HC-HC7;661.743;74.77;586.973;586.973;0.0;503.7;503.7;0.0;0.0;0.0;0.0;0.0;0.0;1165.443
ZEITGES-2010;HC-ALL_HC;22576.015;9383.743;13192.273;13192.273;0.0;2041.824;1481.544;511.501;48.779;5625.811;4927.127;698.684;0.0;30243.651
ZEITGES-2010;HC-HC1;13194.184;5305.468;7888.715;7888.715;0.0;876.413;866.349;10.064;0.0;2066.161;1805.553;260.608;0.0;16136.758
ZEITGES-2010;HC-HC2;1131.072;136.28;994.792;994.792;0.0;222.674;33.043;189.631;0.0;459.621;405.628;53.993;0.0;1813.367
ZEITGES-2010;HC-HC11-HC21;8960.755;4270.29;4690.465;4690.465;0.0;958.61;787.573;171.037;0.0;398.024;344.031;53.993;0.0;10317.389
ZEITGES-2010;HC-HC11;8061.96;4208.96;3853.0;3853.0;0.0;762.262;754.53;7.732;0.0;245.832;245.832;0.0;0.0;9070.054
ZEITGES-2010;HC-HC21;898.795;61.33;837.465;837.465;0.0;196.349;33.043;163.306;0.0;152.192;98.199;53.993;0.0;1247.335
ZEITGES-2010;HC-HC12-HC22;147.137;81.007;66.13;66.13;0.0;0.0;0.0;0.0;0.0;1.0;1.0;0.0;0.0;148.137
ZEITGES-2010;HC-HC12;147.137;81.007;66.13;66.13;0.0;0.0;0.0;0.0;0.0;1.0;1.0;0.0;0.0;148.137
ZEITGES-2010;HC-HC13-HC23;5199.029;1087.631;4111.398;4111.398;0.0;140.477;111.819;28.658;0.0;2126.758;1866.15;260.608;0.0;7466.264
ZEITGES-2010;HC-HC13;4966.752;1012.68;3954.072;3954.072;0.0;114.151;111.819;2.332;0.0;1819.329;1558.721;260.608;0.0;6900.233
ZEITGES-2010;HC-HC131;1135.876;115.459;1020.417;1020.417;0.0;4.296;4.296;0.0;0.0;242.801;186.576;56.225;0.0;1382.972
ZEITGES-2010;HC-HC132;824.424;40.563;783.861;783.861;0.0;36.79;36.79;0.0;0.0;942.499;813.539;128.96;0.0;1803.713
ZEITGES-2010;HC-HC133;2927.13;837.248;2089.881;2089.881;0.0;70.733;70.733;0.0;0.0;512.076;436.654;75.423;0.0;3509.939
ZEITGES-2010;HC-HC139;79.323;19.409;59.913;59.913;0.0;2.332;0.0;2.332;0.0;121.953;121.953;0.0;0.0;203.608
ZEITGES-2010;HC-HC23;232.277;74.951;157.326;157.326;0.0;26.325;0.0;26.325;0.0;307.429;307.429;0.0;0.0;566.032
ZEITGES-2010;HC-HC14-HC24;18.335;2.821;15.514;15.514;0.0;0.0;0.0;0.0;0.0;0.0;0.0;0.0;0.0;18.335
ZEITGES-2010;HC-HC14;18.335;2.821;15.514;15.514;0.0;0.0;0.0;0.0;0.0;0.0;0.0;0.0;0.0;18.335
ZEITGES-2010;HC-HC31;1431.6;1431.6;0.0;0.0;0.0;0.0;0.0;0.0;0.0;800.635;800.635;0.0;0.0;2232.236
ZEITGES-2010;HC-HC32;21.511;21.511;0.0;0.0;0.0;0.0;0.0;0.0;0.0;0.0;0.0;0.0;0.0;21.511
ZEITGES-2010;HC-HC34;2006.387;1993.627;12.76;12.76;0.0;68.6;0.0;68.6;0.0;96.968;96.968;0.0;0.0;2171.955
ZEITGES-2010;HC-HC41;136.783;0.068;136.715;136.715;0.0;0.0;0.0;0.0;0.0;38.857;38.857;0.0;0.0;175.64
ZEITGES-2010;HC-HC42;191.202;0.106;191.095;191.095;0.0;0.0;0.0;0.0;0.0;54.313;54.313;0.0;0.0;245.515
ZEITGES-2010;HC-HC43;294.426;86.834;207.592;207.592;0.0;231.728;0.0;231.728;0.0;27.403;15.629;11.774;0.0;553.557
ZEITGES-2010;HC-HC51;2519.768;0.0;2519.768;2519.768;0.0;18.623;18.623;0.0;0.0;1157.382;792.486;364.896;0.0;3695.773
ZEITGES-2010;HC-HC511;2519.768;0.0;2519.768;2519.768;0.0;5.871;5.871;0.0;0.0;364.896;0.0;364.896;0.0;2890.536
ZEITGES-2010;HC-HC512;0.0;0.0;0.0;0.0;0.0;11.455;11.455;0.0;0.0;711.921;711.921;0.0;0.0;723.377
ZEITGES-2010;HC-HC513;0.0;0.0;0.0;0.0;0.0;1.296;1.296;0.0;0.0;80.564;80.564;0.0;0.0;81.861
ZEITGES-2010;HC-HC52;536.944;1.97;534.974;534.974;0.0;59.829;59.829;0.0;0.0;813.397;805.985;7.412;0.0;1410.17
ZEITGES-2010;HC-HC71;49.366;49.366;0.0;0.0;0.0;0.0;0.0;0.0;0.0;0.0;0.0;0.0;0.0;49.366
ZEITGES-2010;HC-HC72;612.377;25.404;586.973;586.973;0.0;503.7;503.7;0.0;0.0;0.0;0.0;0.0;0.0;1116.077
ZEITGES-2010;HC-ALLE_HC;22576.015;9383.743;13192.273;13192.273;0.0;2041.824;1481.544;511.501;48.779;5625.811;4927.127;698.684;0.0;30243.651
ZEITGES-2011;HC-HC1-HC2;14715.254;5516.452;9198.802;9198.802;0.0;1115.008;911.55;203.458;0.0;2594.144;2271.733;322.411;0.0;18424.406
ZEITGES-2011;HC-HC3;3569.352;3556.656;12.696;12.696;0.0;63.6;0.0;63.6;0.0;920.91;920.91;0.0;0.0;4553.862
ZEITGES-2011;HC-HC4;642.531;100.837;541.693;541.693;0.0;204.866;0.0;204.866;0.0;123.808;111.989;11.818;0.0;971.204
ZEITGES-2011;HC-HC5;3153.371;1.917;3151.454;3151.454;0.0;84.598;84.598;0.0;0.0;2069.292;1688.178;381.114;0.0;5307.261
ZEITGES-2011;HC-HC6;454.204;333.199;121.005;121.005;0.0;63.171;0.0;12.57;50.601;118.709;118.709;0.0;0.0;636.084
ZEITGES-2011;HC-HC7;665.833;91.952;573.881;573.881;0.0;535.261;535.261;0.0;0.0;0.0;0.0;0.0;0.0;1201.094
ZEITGES-2011;HC-ALL_HC;23200.545;9601.014;13599.531;13599.531;0.0;2066.503;1531.409;484.493;50.601;5826.863;5111.519;715.343;0.0;31093.911
ZEITGES-2011;HC-HC1;13519.797;5376.355;8143.443;8143.443;0.0;886.466;877.743;8.723;0.0;2088.982;1827.661;261.32;0.0;16495.245
ZEITGES-2011;HC-HC2;1195.457;140.097;1055.36;1055.36;0.0;228.542;33.807;194.735;0.0;505.163;444.072;61.091;0.0;1929.161
ZEITGES-2011;HC-HC11-HC21;9190.243;4319.261;4870.982;4870.982;0.0;971.079;797.59;173.489;0.0;384.948;323.857;61.091;0.0;10546.271
ZEITGES-2011;HC-HC11;8237.216;4256.448;3980.768;3980.768;0.0;770.306;763.783;6.523;0.0;211.217;211.217;0.0;0.0;9218.739
ZEITGES-2011;HC-HC21;953.027;62.813;890.214;890.214;0.0;200.773;33.807;166.966;0.0;173.731;112.64;61.091;0.0;1327.531
ZEITGES-2011;HC-HC12-HC22;164.258;91.275;72.983;72.983;0.0;0.0;0.0;0.0;0.0;1.0;1.0;0.0;0.0;165.258
ZEITGES-2011;HC-HC12;164.258;91.275;72.983;72.983;0.0;0.0;0.0;0.0;0.0;1.0;1.0;0.0;0.0;165.258
ZEITGES-2011;HC-HC13-HC23;5341.952;1103.02;4238.932;4238.932;0.0;143.929;113.96;29.969;0.0;2208.196;1946.876;261.32;0.0;7694.077
ZEITGES-2011;HC-HC13;5099.522;1025.736;4073.786;4073.786;0.0;116.16;113.96;2.2;0.0;1876.765;1615.444;261.32;0.0;7092.446
ZEITGES-2011;HC-HC131;1152.869;108.795;1044.073;1044.073;0.0;4.374;4.374;0.0;0.0;246.522;189.375;57.147;0.0;1403.764
ZEITGES-2011;HC-HC132;834.348;45.934;788.415;788.415;0.0;36.314;36.314;0.0;0.0;973.108;845.659;127.449;0.0;1843.77
ZEITGES-2011;HC-HC133;3026.51;849.052;2177.458;2177.458;0.0;73.272;73.272;0.0;0.0;525.52;448.795;76.724;0.0;3625.302
ZEITGES-2011;HC-HC139;85.795;21.955;63.84;63.84;0.0;2.2;0.0;2.2;0.0;131.615;131.615;0.0;0.0;219.61
ZEITGES-2011;HC-HC23;242.43;77.284;165.146;165.146;0.0;27.769;0.0;27.769;0.0;331.432;331.432;0.0;0.0;601.63
ZEITGES-2011;HC-HC14-HC24;18.801;2.896;15.905;15.905;0.0;0.0;0.0;0.0;0.0;0.0;0.0;0.0;0.0;18.801
ZEITGES-2011;HC-HC14;18.801;2.896;15.905;15.905;0.0;0.0;0.0;0.0;0.0;0.0;0.0;0.0;0.0;18.801
ZEITGES-2011;HC-HC31;1492.035;1492.035;0.0;0.0;0.0;0.0;0.0;0.0;0.0;809.798;809.798;0.0;0.0;2301.833
ZEITGES-2011;HC-HC32;25.47;25.47;0.0;0.0;0.0;0.0;0.0;0.0;0.0;0.0;0.0;0.0;0.0;25.47
ZEITGES-2011;HC-HC34;2051.848;2039.152;12.696;12.696;0.0;63.6;0.0;63.6;0.0;111.112;111.112;0.0;0.0;2226.559
ZEITGES-2011;HC-HC41;143.669;0.082;143.587;143.587;0.0;0.0;0.0;0.0;0.0;40.09;40.09;0.0;0.0;183.759
ZEITGES-2011;HC-HC42;190.659;0.1;190.56;190.56;0.0;0.0;0.0;0.0;0.0;53.205;53.205;0.0;0.0;243.865
ZEITGES-2011;HC-HC43;308.202;100.655;207.547;207.547;0.0;204.866;0.0;204.866;0.0;30.512;18.694;11.818;0.0;543.58
ZEITGES-2011;HC-HC51;2598.579;0.0;2598.579;2598.579;0.0;19.54;19.54;0.0;0.0;1203.658;830.265;373.393;0.0;3821.777
ZEITGES-2011;HC-HC511;2598.579;0.0;2598.579;2598.579;0.0;6.062;6.062;0.0;0.0;373.393;0.0;373.393;0.0;2978.034
ZEITGES-2011;HC-HC512;0.0;0.0;0.0;0.0;0.0;12.193;12.193;0.0;0.0;751.056;751.056;0.0;0.0;763.249
ZEITGES-2011;HC-HC513;0.0;0.0;0.0;0.0;0.0;1.286;1.286;0.0;0.0;79.209;79.209;0.0;0.0;80.494
ZEITGES-2011;HC-HC52;554.792;1.917;552.875;552.875;0.0;65.058;65.058;0.0;0.0;865.634;857.913;7.721;0.0;1485.484
ZEITGES-2011;HC-HC71;65.389;65.389;0.0;0.0;0.0;0.0;0.0;0.0;0.0;0.0;0.0;0.0;0.0;65.389
ZEITGES-2011;HC-HC72;600.444;26.563;573.881;573.881;0.0;535.261;535.261;0.0;0.0;0.0;0.0;0.0;0.0;1135.705
ZEITGES-2011;HC-ALLE_HC;23200.545;9601.014;13599.531;13599.531;0.0;2066.503;1531.409;484.493;50.601;5826.863;5111.519;715.343;0.0;31093.911
ZEITGES-2012;HC-HC1-HC2;15478.282;5882.003;9596.279;9596.279;0.0;1149.592;943.683;205.909;0.0;2693.303;2367.933;325.37;0.0;19321.177
ZEITGES-2012;HC-HC3;3701.161;3688.871;12.289;12.289;0.0;62.273;0.0;62.273;0.0;998.943;998.943;0.0;0.0;4762.376
ZEITGES-2012;HC-HC4;673.982;120.885;553.097;553.097;0.0;220.876;0.0;220.876;0.0;125.155;112.845;12.311;0.0;1020.012
ZEITGES-2012;HC-HC5;3231.752;1.517;3230.235;3230.235;0.0;94.037;94.037;0.0;0.0;2144.337;1755.625;388.712;0.0;5470.126
ZEITGES-2012;HC-HC6;468.577;338.41;130.166;130.166;0.0;64.92;0.0;13.868;51.052;107.327;107.327;0.0;0.0;640.825
ZEITGES-2012;HC-HC7;716.672;86.513;630.159;630.159;0.0;568.732;568.732;0.0;0.0;0.0;0.0;0.0;0.0;1285.404
ZEITGES-2012;HC-ALL_HC;24270.425;10118.2;14152.225;14152.225;0.0;2160.43;1606.452;502.925;51.052;6069.065;5342.673;726.393;0.0;32499.92
ZEITGES-2012;HC-HC1;14199.796;5728.558;8471.239;8471.239;0.0;918.579;909.364;9.215;0.0;2140.963;1880.261;260.702;0.0;17259.338
ZEITGES-2012;HC-HC2;1278.486;153.446;1125.04;1125.04;0.0;231.012;34.319;196.693;0.0;552.34;487.672;64.668;0.0;2061.838
ZEITGES-2012;HC-HC11-HC21;9640.045;4560.247;5079.798;5079.798;0.0;995.704;822.066;173.638;0.0;432.218;367.55;64.668;0.0;11067.967
ZEITGES-2012;HC-HC11;8619.287;4493.285;4126.002;4126.002;0.0;794.499;787.747;6.752;0.0;230.392;230.392;0.0;0.0;9644.178
ZEITGES-2012;HC-HC21;1020.758;66.962;953.795;953.795;0.0;201.205;34.319;166.886;0.0;201.826;137.158;64.668;0.0;1423.789
ZEITGES-2012;HC-HC12-HC22;219.66;121.915;97.745;97.745;0.0;0.0;0.0;0.0;0.0;1.0;1.0;0.0;0.0;220.66
ZEITGES-2012;HC-HC12;219.66;121.915;97.745;97.745;0.0;0.0;0.0;0.0;0.0;1.0;1.0;0.0;0.0;220.66
ZEITGES-2012;HC-HC13-HC23;5598.993;1197.344;4401.65;4401.65;0.0;153.887;121.617;32.27;0.0;2260.085;1999.383;260.702;0.0;8012.966
ZEITGES-2012;HC-HC13;5341.265;1110.86;4230.405;4230.405;0.0;124.08;121.617;2.463;0.0;1909.571;1648.869;260.702;0.0;7374.917
ZEITGES-2012;HC-HC131;1191.287;109.147;1082.14;1082.14;0.0;4.844;4.844;0.0;0.0;246.94;189.877;57.063;0.0;1443.07
ZEITGES-2012;HC-HC132;846.771;45.039;801.732;801.732;0.0;36.816;36.816;0.0;0.0;1017.565;891.491;126.074;0.0;1901.152
ZEITGES-2012;HC-HC133;3209.668;931.724;2277.944;2277.944;0.0;79.957;79.957;0.0;0.0;528.002;450.437;77.565;0.0;3817.628
ZEITGES-2012;HC-HC139;93.539;24.951;68.589;68.589;0.0;2.463;0.0;2.463;0.0;117.064;117.064;0.0;0.0;213.067
ZEITGES-2012;HC-HC23;257.728;86.484;171.245;171.245;0.0;29.807;0.0;29.807;0.0;350.514;350.514;0.0;0.0;638.049
ZEITGES-2012;HC-HC14-HC24;19.584;2.498;17.086;17.086;0.0;0.0;0.0;0.0;0.0;0.0;0.0;0.0;0.0;19.584
ZEITGES-2012;HC-HC14;19.584;2.498;17.086;17.086;0.0;0.0;0.0;0.0;0.0;0.0;0.0;0.0;0.0;19.584
ZEITGES-2012;HC-HC31;1558.024;1558.024;0.0;0.0;0.0;0.0;0.0;0.0;0.0;873.885;873.885;0.0;0.0;2431.909
ZEITGES-2012;HC-HC32;30.487;30.487;0.0;0.0;0.0;0.0;0.0;0.0;0.0;0.0;0.0;0.0;0.0;30.487
ZEITGES-2012;HC-HC34;2112.65;2100.36;12.289;12.289;0.0;62.273;0.0;62.273;0.0;125.058;125.058;0.0;0.0;2299.98
ZEITGES-2012;HC-HC41;138.58;0.075;138.505;138.505;0.0;0.0;0.0;0.0;0.0;38.554;38.554;0.0;0.0;177.134
ZEITGES-2012;HC-HC42;197.399;0.093;197.306;197.306;0.0;0.0;0.0;0.0;0.0;54.922;54.922;0.0;0.0;252.321
ZEITGES-2012;HC-HC43;338.003;120.718;217.285;217.285;0.0;220.876;0.0;220.876;0.0;31.679;19.368;12.311;0.0;590.557
ZEITGES-2012;HC-HC51;2657.405;0.0;2657.405;2657.405;0.0;21.083;21.083;0.0;0.0;1241.878;860.68;381.198;0.0;3920.366
ZEITGES-2012;HC-HC511;2657.405;0.0;2657.405;2657.405;0.0;6.471;6.471;0.0;0.0;381.198;0.0;381.198;0.0;3045.074
ZEITGES-2012;HC-HC512;0.0;0.0;0.0;0.0;0.0;13.18;13.18;0.0;0.0;776.333;776.333;0.0;0.0;789.513
ZEITGES-2012;HC-HC513;0.0;0.0;0.0;0.0;0.0;1.432;1.432;0.0;0.0;84.347;84.347;0.0;0.0;85.779
ZEITGES-2012;HC-HC52;574.346;1.517;572.829;572.829;0.0;72.954;72.954;0.0;0.0;902.459;894.945;7.514;0.0;1549.76
ZEITGES-2012;HC-HC71;54.788;54.788;0.0;0.0;0.0;0.0;0.0;0.0;0.0;0.0;0.0;0.0;0.0;54.788
ZEITGES-2012;HC-HC72;661.884;31.725;630.159;630.159;0.0;568.732;568.732;0.0;0.0;0.0;0.0;0.0;0.0;1230.616
ZEITGES-2012;HC-ALLE_HC;24270.425;10118.2;14152.225;14152.225;0.0;2160.43;1606.452;502.925;51.052;6069.065;5342.673;726.393;0.0;32499.92
ZEITGES-2013;HC-HC1-HC2;15694.072;5843.409;9850.663;9850.663;0.0;1182.802;966.569;216.233;0.0;2802.884;2474.053;328.831;0.0;19679.758
ZEITGES-2013;HC-HC3;3764.46;3752.642;11.818;11.818;0.0;63.612;0.0;63.612;0.0;1157.779;1157.779;0.0;0.0;4985.851
ZEITGES-2013;HC-HC4;694.735;127.438;567.297;567.297;0.0;222.03;0.0;222.03;0.0;126.532;114.988;11.545;0.0;1043.298
ZEITGES-2013;HC-HC5;3276.153;0.0;3276.153;3276.153;0.0;116.688;116.688;0.0;0.0;2180.051;1783.942;396.109;0.0;5572.892
ZEITGES-2013;HC-HC6;491.495;335.091;156.405;156.405;0.0;72.376;0.0;14.059;58.317;119.96;119.96;0.0;0.0;683.831
ZEITGES-2013;HC-HC7;735.421;85.419;650.002;650.002;0.0;615.539;615.539;0.0;0.0;0.0;0.0;0.0;0.0;1350.961
ZEITGES-2013;HC-ALL_HC;24656.336;10143.999;14512.337;14512.337;0.0;2273.048;1698.796;515.934;58.317;6387.207;5650.722;736.485;0.0;33316.59
ZEITGES-2013;HC-HC1;14359.236;5686.978;8672.258;8672.258;0.0;940.218;930.633;9.585;0.0;2202.698;1940.849;261.848;0.0;17502.151
ZEITGES-2013;HC-HC2;1334.836;156.432;1178.405;1178.405;0.0;242.584;35.936;206.648;0.0;600.186;533.203;66.983;0.0;2177.606
ZEITGES-2013;HC-HC11-HC21;9618.174;4476.54;5141.634;5141.634;0.0;1016.086;834.396;181.69;0.0;455.667;388.684;66.983;0.0;11089.927
ZEITGES-2013;HC-HC11;8558.087;4413.025;4145.062;4145.062;0.0;805.302;798.46;6.842;0.0;235.013;235.013;0.0;0.0;9598.403
ZEITGES-2013;HC-HC21;1060.087;63.515;996.572;996.572;0.0;210.783;35.936;174.847;0.0;220.654;153.671;66.983;0.0;1491.524
ZEITGES-2013;HC-HC12-HC22;244.992;136.21;108.782;108.782;0.0;0.0;0.0;0.0;0.0;1.0;1.0;0.0;0.0;245.992
ZEITGES-2013;HC-HC12;244.992;136.21;108.782;108.782;0.0;0.0;0.0;0.0;0.0;1.0;1.0;0.0;0.0;245.992
ZEITGES-2013;HC-HC13-HC23;5809.938;1227.869;4582.069;4582.069;0.0;166.716;132.173;34.543;0.0;2346.217;2084.369;261.848;0.0;8322.871
ZEITGES-2013;HC-HC13;5535.189;1134.952;4400.237;4400.237;0.0;134.916;132.173;2.743;0.0;1966.685;1704.836;261.848;0.0;7636.789
ZEITGES-2013;HC-HC131;1237.124;98.865;1138.259;1138.259;0.0;5.493;5.493;0.0;0.0;242.332;184.404;57.928;0.0;1484.949
ZEITGES-2013;HC-HC132;862.167;49.138;813.029;813.029;0.0;37.776;37.776;0.0;0.0;1051.134;926.752;124.382;0.0;1951.077
ZEITGES-2013;HC-HC133;3333.614;956.901;2376.713;2376.713;0.0;88.904;88.904;0.0;0.0;546.181;466.642;79.539;0.0;3968.699
ZEITGES-2013;HC-HC139;102.284;30.049;72.236;72.236;0.0;2.743;0.0;2.743;0.0;127.037;127.037;0.0;0.0;232.064
ZEITGES-2013;HC-HC23;274.75;92.917;181.833;181.833;0.0;31.8;0.0;31.8;0.0;379.532;379.532;0.0;0.0;686.082
ZEITGES-2013;HC-HC14-HC24;20.967;2.79;18.177;18.177;0.0;0.0;0.0;0.0;0.0;0.0;0.0;0.0;0.0;20.967
ZEITGES-2013;HC-HC14;20.967;2.79;18.177;18.177;0.0;0.0;0.0;0.0;0.0;0.0;0.0;0.0;0.0;20.967
ZEITGES-2013;HC-HC31;1587.476;1587.476;0.0;0.0;0.0;0.0;0.0;0.0;0.0;1017.609;1017.609;0.0;0.0;2605.085
ZEITGES-2013;HC-HC32;33.3;33.3;0.0;0.0;0.0;0.0;0.0;0.0;0.0;0.0;0.0;0.0;0.0;33.3
ZEITGES-2013;HC-HC34;2143.683;2131.865;11.818;11.818;0.0;63.612;0.0;63.612;0.0;140.17;140.17;0.0;0.0;2347.466
ZEITGES-2013;HC-HC41;147.373;0.087;147.286;147.286;0.0;0.0;0.0;0.0;0.0;39.666;39.666;0.0;0.0;187.039
ZEITGES-2013;HC-HC42;201.832;0.113;201.719;201.719;0.0;0.0;0.0;0.0;0.0;54.325;54.325;0.0;0.0;256.157
ZEITGES-2013;HC-HC43;345.53;127.238;218.292;218.292;0.0;222.03;0.0;222.03;0.0;32.542;20.997;11.545;0.0;600.102
ZEITGES-2013;HC-HC51;2677.415;0.0;2677.415;2677.415;0.0;23.459;23.459;0.0;0.0;1259.181;870.835;388.346;0.0;3960.055
ZEITGES-2013;HC-HC511;2677.415;0.0;2677.415;2677.415;0.0;7.235;7.235;0.0;0.0;388.346;0.0;388.346;0.0;3072.996
ZEITGES-2013;HC-HC512;0.0;0.0;0.0;0.0;0.0;14.855;14.855;0.0;0.0;797.37;797.37;0.0;0.0;812.226
ZEITGES-2013;HC-HC513;0.0;0.0;0.0;0.0;0.0;1.369;1.369;0.0;0.0;73.465;73.465;0.0;0.0;74.834
ZEITGES-2013;HC-HC52;598.738;0.0;598.738;598.738;0.0;93.229;93.229;0.0;0.0;920.87;913.107;7.763;0.0;1612.837
ZEITGES-2013;HC-HC71;53.356;53.356;0.0;0.0;0.0;0.0;0.0;0.0;0.0;0.0;0.0;0.0;0.0;53.356
ZEITGES-2013;HC-HC72;682.065;32.063;650.002;650.002;0.0;615.539;615.539;0.0;0.0;0.0;0.0;0.0;0.0;1297.604
ZEITGES-2013;HC-ALLE_HC;24656.336;10143.999;14512.337;14512.337;0.0;2273.048;1698.796;515.934;58.317;6387.207;5650.722;736.485;0.0;33316.59
ZEITGES-2014;HC-HC1-HC2;16229.616;5991.127;10238.489;10238.489;0.0;1235.253;996.66;238.593;0.0;2894.704;2562.141;332.563;0.0;20359.572
ZEITGES-2014;HC-HC3;3876.975;3865.766;11.21;11.21;0.0;67.803;0.0;67.803;0.0;1170.146;1170.146;0.0;0.0;5114.924
ZEITGES-2014;HC-HC4;703.071;130.638;572.433;572.433;0.0;221.902;0.0;221.902;0.0;128.752;115.173;13.579;0.0;1053.725
ZEITGES-2014;HC-HC5;3475.975;0.0;3475.975;3475.975;0.0;126.234;126.234;0.0;0.0;2277.542;1895.867;381.675;0.0;5879.751
ZEITGES-2014;HC-HC6;522.633;355.994;166.639;166.639;0.0;78.515;0.0;14.952;63.563;125.537;125.537;0.0;0.0;726.685
ZEITGES-2014;HC-HC7;755.646;89.726;665.92;665.92;0.0;650.587;650.587;0.0;0.0;0.0;0.0;0.0;0.0;1406.234
ZEITGES-2014;HC-ALL_HC;25563.917;10433.251;15130.666;15130.666;0.0;2380.294;1773.481;543.25;63.563;6596.68;5868.863;727.817;0.0;34540.891
ZEITGES-2014;HC-HC1;14834.823;5828.167;9006.655;9006.655;0.0;971.504;961.326;10.178;0.0;2262.666;2000.088;262.578;0.0;18068.993
ZEITGES-2014;HC-HC2;1394.793;162.96;1231.833;1231.833;0.0;263.748;35.334;228.414;0.0;632.038;562.054;69.985;0.0;2290.579
ZEITGES-2014;HC-HC11-HC21;9902.369;4551.675;5350.694;5350.694;0.0;1060.359;859.179;201.18;0.0;458.0;388.016;69.985;0.0;11420.729
ZEITGES-2014;HC-HC11;8799.367;4488.844;4310.523;4310.523;0.0;830.968;823.845;7.123;0.0;220.461;220.461;0.0;0.0;9850.796
ZEITGES-2014;HC-HC21;1103.002;62.831;1040.171;1040.171;0.0;229.392;35.334;194.058;0.0;237.539;167.555;69.985;0.0;1569.933
ZEITGES-2014;HC-HC12-HC22;279.824;154.277;125.547;125.547;0.0;0.0;0.0;0.0;0.0;1.0;1.0;0.0;0.0;280.824
ZEITGES-2014;HC-HC12;279.824;154.277;125.547;125.547;0.0;0.0;0.0;0.0;0.0;1.0;1.0;0.0;0.0;280.824
ZEITGES-2014;HC-HC13-HC23;6025.828;1282.094;4743.734;4743.734;0.0;174.893;137.481;37.412;0.0;2435.704;2173.126;262.578;0.0;8636.425
ZEITGES-2014;HC-HC13;5734.037;1181.965;4552.072;4552.072;0.0;140.536;137.481;3.055;0.0;2041.205;1778.627;262.578;0.0;7915.778
ZEITGES-2014;HC-HC131;1245.52;103.204;1142.316;1142.316;0.0;4.438;4.438;0.0;0.0;241.19;184.16;57.031;0.0;1491.148
ZEITGES-2014;HC-HC132;889.281;48.823;840.458;840.458;0.0;36.643;36.643;0.0;0.0;1095.825;969.566;126.259;0.0;2021.75
ZEITGES-2014;HC-HC133;3480.754;993.796;2486.958;2486.958;0.0;96.4;96.4;0.0;0.0;572.162;492.874;79.288;0.0;4149.316
ZEITGES-2014;HC-HC139;118.482;36.143;82.339;82.339;0.0;3.055;0.0;3.055;0.0;132.027;132.027;0.0;0.0;253.564
ZEITGES-2014;HC-HC23;291.791;100.129;191.662;191.662;0.0;34.357;0.0;34.357;0.0;394.499;394.499;0.0;0.0;720.647
ZEITGES-2014;HC-HC14-HC24;21.594;3.081;18.514;18.514;0.0;0.0;0.0;0.0;0.0;0.0;0.0;0.0;0.0;21.594
ZEITGES-2014;HC-HC14;21.594;3.081;18.514;18.514;0.0;0.0;0.0;0.0;0.0;0.0;0.0;0.0;0.0;21.594
ZEITGES-2014;HC-HC31;1638.362;1638.362;0.0;0.0;0.0;0.0;0.0;0.0;0.0;1014.586;1014.586;0.0;0.0;2652.948
ZEITGES-2014;HC-HC32;37.677;37.677;0.0;0.0;0.0;0.0;0.0;0.0;0.0;0.0;0.0;0.0;0.0;37.677
ZEITGES-2014;HC-HC34;2200.936;2189.727;11.21;11.21;0.0;67.803;0.0;67.803;0.0;155.56;155.56;0.0;0.0;2424.299
ZEITGES-2014;HC-HC41;149.741;0.099;149.642;149.642;0.0;0.0;0.0;0.0;0.0;40.847;40.847;0.0;0.0;190.588
ZEITGES-2014;HC-HC42;197.82;0.08;197.74;197.74;0.0;0.0;0.0;0.0;0.0;53.976;53.976;0.0;0.0;251.796
ZEITGES-2014;HC-HC43;355.51;130.458;225.052;225.052;0.0;221.902;0.0;221.902;0.0;33.928;20.349;13.579;0.0;611.34
ZEITGES-2014;HC-HC51;2858.541;0.0;2858.541;2858.541;0.0;25.593;25.593;0.0;0.0;1310.404;936.518;373.887;0.0;4194.538
ZEITGES-2014;HC-HC511;2858.541;0.0;2858.541;2858.541;0.0;7.302;7.302;0.0;0.0;373.887;0.0;373.887;0.0;3239.73
ZEITGES-2014;HC-HC512;0.0;0.0;0.0;0.0;0.0;16.878;16.878;0.0;0.0;864.166;864.166;0.0;0.0;881.043
ZEITGES-2014;HC-HC513;0.0;0.0;0.0;0.0;0.0;1.413;1.413;0.0;0.0;72.352;72.352;0.0;0.0;73.765
ZEITGES-2014;HC-HC52;617.434;0.0;617.434;617.434;0.0;100.641;100.641;0.0;0.0;967.138;959.349;7.788;0.0;1685.213
ZEITGES-2014;HC-HC71;56.256;56.256;0.0;0.0;0.0;0.0;0.0;0.0;0.0;0.0;0.0;0.0;0.0;56.256
ZEITGES-2014;HC-HC72;699.391;33.47;665.92;665.92;0.0;650.587;650.587;0.0;0.0;0.0;0.0;0.0;0.0;1349.978
ZEITGES-2014;HC-ALLE_HC;25563.917;10433.251;15130.666;15130.666;0.0;2380.294;1773.481;543.25;63.563;6596.68;5868.863;727.817;0.0;34540.891
ZEITGES-2015;HC-HC1-HC2;16742.324;6143.083;10599.241;10599.241;0.0;1251.898;1008.49;243.408;0.0;2944.072;2611.572;332.5;0.0;20938.294
ZEITGES-2015;HC-HC3;3966.156;3955.368;10.788;10.788;0.0;73.073;0.0;73.073;0.0;1262.882;1262.882;0.0;0.0;5302.112
ZEITGES-2015;HC-HC4;724.477;131.986;592.491;592.491;0.0;238.003;11.891;226.112;0.0;119.468;106.662;12.806;0.0;1081.948
ZEITGES-2015;HC-HC5;3640.208;0.0;3640.208;3640.208;0.0;141.523;141.523;0.0;0.0;2357.486;1948.635;408.851;0.0;6139.217
ZEITGES-2015;HC-HC6;558.496;382.897;175.598;175.598;0.0;92.188;2.507;16.616;73.065;130.153;130.153;0.0;0.0;780.837
ZEITGES-2015;HC-HC7;801.456;99.066;702.39;702.39;0.0;648.483;648.483;0.0;0.0;0.0;0.0;0.0;0.0;1449.94
ZEITGES-2015;HC-ALL_HC;26433.117;10712.399;15720.718;15720.718;0.0;2445.168;1812.894;559.209;73.065;6814.061;6059.904;754.157;0.0;35692.347
ZEITGES-2015;HC-HC1;15307.692;5976.396;9331.296;9331.296;0.0;981.023;972.35;8.673;0.0;2301.172;2040.347;260.824;0.0;18589.886
ZEITGES-2015;HC-HC2;1434.632;166.687;1267.945;1267.945;0.0;270.875;36.14;234.735;0.0;642.9;571.225;71.676;0.0;2348.408
ZEITGES-2015;HC-HC11-HC21;10164.359;4650.538;5513.821;5513.821;0.0;1078.265;872.804;205.461;0.0;449.774;378.099;71.676;0.0;11692.399
ZEITGES-2015;HC-HC11;9033.977;4586.783;4447.194;4447.194;0.0;842.775;837.283;5.492;0.0;224.566;224.566;0.0;0.0;10101.318
ZEITGES-2015;HC-HC21;1130.383;63.756;1066.627;1066.627;0.0;235.49;35.521;199.969;0.0;225.208;153.532;71.676;0.0;1591.08
ZEITGES-2015;HC-HC12-HC22;302.105;165.913;136.192;136.192;0.0;0.0;0.0;0.0;0.0;1.0;1.0;0.0;0.0;303.105
ZEITGES-2015;HC-HC12;302.105;165.913;136.192;136.192;0.0;0.0;0.0;0.0;0.0;1.0;1.0;0.0;0.0;303.105
ZEITGES-2015;HC-HC13-HC23;6253.459;1323.81;4929.649;4929.649;0.0;173.633;135.686;37.947;0.0;2493.298;2232.474;260.824;0.0;8920.389
ZEITGES-2015;HC-HC13;5949.209;1220.878;4728.331;4728.331;0.0;138.247;135.067;3.181;0.0;2075.605;1814.781;260.824;0.0;8163.061
ZEITGES-2015;HC-HC131;1299.786;110.433;1189.354;1189.354;0.0;43.88;43.88;0.0;0.0;306.578;249.434;57.143;0.0;1650.244
ZEITGES-2015;HC-HC132;927.502;48.402;879.099;879.099;0.0;37.079;37.079;0.0;0.0;1097.939;974.167;123.771;0.0;2062.519
ZEITGES-2015;HC-HC133;3593.334;1021.877;2571.457;2571.457;0.0;54.108;54.108;0.0;0.0;530.986;451.077;79.909;0.0;4178.428
ZEITGES-2015;HC-HC139;128.587;40.166;88.421;88.421;0.0;3.181;0.0;3.181;0.0;140.102;140.102;0.0;0.0;271.87
ZEITGES-2015;HC-HC23;304.25;102.932;201.318;201.318;0.0;35.386;0.619;34.767;0.0;417.692;417.692;0.0;0.0;757.328
ZEITGES-2015;HC-HC14-HC24;22.401;2.822;19.579;19.579;0.0;0.0;0.0;0.0;0.0;0.0;0.0;0.0;0.0;22.401
ZEITGES-2015;HC-HC14;22.401;2.822;19.579;19.579;0.0;0.0;0.0;0.0;0.0;0.0;0.0;0.0;0.0;22.401
ZEITGES-2015;HC-HC31;1676.715;1676.715;0.0;0.0;0.0;0.0;0.0;0.0;0.0;1093.598;1093.598;0.0;0.0;2770.313
ZEITGES-2015;HC-HC32;40.96;40.96;0.0;0.0;0.0;0.0;0.0;0.0;0.0;0.0;0.0;0.0;0.0;40.96
ZEITGES-2015;HC-HC34;2248.482;2237.693;10.788;10.788;0.0;73.073;0.0;73.073;0.0;169.285;169.285;0.0;0.0;2490.84
ZEITGES-2015;HC-HC41;167.724;0.086;167.639;167.639;0.0;5.5;5.5;0.0;0.0;39.219;39.219;0.0;0.0;212.444
ZEITGES-2015;HC-HC42;194.878;0.091;194.787;194.787;0.0;6.391;6.391;0.0;0.0;45.571;45.571;0.0;0.0;246.84
ZEITGES-2015;HC-HC43;361.874;131.809;230.065;230.065;0.0;226.112;0.0;226.112;0.0;34.678;21.872;12.806;0.0;622.664
ZEITGES-2015;HC-HC51;2990.967;0.0;2990.967;2990.967;0.0;28.147;28.147;0.0;0.0;1368.124;967.267;400.856;0.0;4387.238
ZEITGES-2015;HC-HC511;2990.967;0.0;2990.967;2990.967;0.0;8.247;8.247;0.0;0.0;400.856;0.0;400.856;0.0;3400.07
ZEITGES-2015;HC-HC512;0.0;0.0;0.0;0.0;0.0;18.265;18.265;0.0;0.0;887.777;887.777;0.0;0.0;906.041
ZEITGES-2015;HC-HC513;0.0;0.0;0.0;0.0;0.0;1.635;1.635;0.0;0.0;79.491;79.491;0.0;0.0;81.126
ZEITGES-2015;HC-HC52;649.241;0.0;649.241;649.241;0.0;113.376;113.376;0.0;0.0;989.362;981.367;7.995;0.0;1751.979
ZEITGES-2015;HC-HC71;64.763;64.763;0.0;0.0;0.0;0.0;0.0;0.0;0.0;0.0;0.0;0.0;0.0;64.763
ZEITGES-2015;HC-HC72;736.693;34.303;702.39;702.39;0.0;648.483;648.483;0.0;0.0;0.0;0.0;0.0;0.0;1385.177
ZEITGES-2015;HC-ALLE_HC;26433.117;10712.399;15720.718;15720.718;0.0;2445.168;1812.894;559.209;73.065;6814.061;6059.904;754.157;0.0;35692.347
ZEITGES-2016;HC-HC1-HC2;17514.438;6437.355;11077.084;11077.084;0.0;1230.16;1034.891;195.269;0.0;3082.144;2770.602;311.542;0.0;21826.742
ZEITGES-2016;HC-HC3;4019.216;4008.562;10.655;10.655;0.0;95.505;0.0;95.505;0.0;1422.126;1422.126;0.0;0.0;5536.848
ZEITGES-2016;HC-HC4;746.17;134.052;612.118;612.118;0.0;251.623;13.23;238.393;0.0;119.969;108.38;11.588;0.0;1117.761
ZEITGES-2016;HC-HC5;3703.022;0.0;3703.022;3703.022;0.0;155.792;155.792;0.0;0.0;2377.353;1975.824;401.529;0.0;6236.167
ZEITGES-2016;HC-HC6;571.035;393.507;177.528;177.528;0.0;98.725;2.85;17.174;78.702;122.396;122.396;0.0;0.0;792.156
ZEITGES-2016;HC-HC7;826.939;101.136;725.804;725.804;0.0;683.898;683.898;0.0;0.0;0.0;0.0;0.0;0.0;1510.837
ZEITGES-2016;HC-ALL_HC;27380.821;11074.611;16306.21;16306.21;0.0;2515.704;1890.661;546.341;78.702;7123.988;6399.328;724.659;0.0;37020.512
ZEITGES-2016;HC-HC1;15999.694;6267.634;9732.06;9732.06;0.0;1007.001;996.352;10.649;0.0;2390.444;2154.563;235.88;0.0;19397.139
ZEITGES-2016;HC-HC2;1514.744;169.721;1345.023;1345.023;0.0;223.159;38.539;184.62;0.0;691.7;616.038;75.662;0.0;2429.603
ZEITGES-2016;HC-HC11-HC21;10566.951;4846.872;5720.079;5720.079;0.0;1040.419;885.356;155.063;0.0;485.871;410.21;75.662;0.0;12093.242
ZEITGES-2016;HC-HC11;9368.383;4780.9;4587.483;4587.483;0.0;853.565;847.523;6.042;0.0;235.376;235.376;0.0;0.0;10457.324
ZEITGES-2016;HC-HC21;1198.568;65.972;1132.596;1132.596;0.0;186.854;37.833;149.021;0.0;250.496;174.834;75.662;0.0;1635.917
ZEITGES-2016;HC-HC12-HC22;356.841;196.977;159.864;159.864;0.0;0.0;0.0;0.0;0.0;1.0;1.0;0.0;0.0;357.841
ZEITGES-2016;HC-HC12;356.841;196.977;159.864;159.864;0.0;0.0;0.0;0.0;0.0;1.0;1.0;0.0;0.0;357.841
ZEITGES-2016;HC-HC13-HC23;6568.913;1390.86;5178.053;5178.053;0.0;189.741;149.535;40.206;0.0;2595.272;2359.392;235.88;0.0;9353.926
ZEITGES-2016;HC-HC13;6252.736;1287.111;4965.625;4965.625;0.0;153.436;148.829;4.606;0.0;2154.068;1918.188;235.88;0.0;8560.24
ZEITGES-2016;HC-HC131;1348.359;114.1;1234.259;1234.259;0.0;50.231;50.231;0.0;0.0;299.667;250.021;49.646;0.0;1698.258
ZEITGES-2016;HC-HC132;987.298;50.221;937.078;937.078;0.0;37.87;37.87;0.0;0.0;1132.598;1017.61;114.988;0.0;2157.766
ZEITGES-2016;HC-HC133;3780.113;1079.286;2700.827;2700.827;0.0;60.728;60.728;0.0;0.0;533.096;463.545;69.551;0.0;4373.937
ZEITGES-2016;HC-HC139;136.966;43.504;93.462;93.462;0.0;4.606;0.0;4.606;0.0;188.707;187.011;1.696;0.0;330.279
ZEITGES-2016;HC-HC23;316.176;103.749;212.428;212.428;0.0;36.305;0.706;35.599;0.0;441.204;441.204;0.0;0.0;793.686
ZEITGES-2016;HC-HC14-HC24;21.734;2.646;19.088;19.088;0.0;0.0;0.0;0.0;0.0;0.0;0.0;0.0;0.0;21.734
ZEITGES-2016;HC-HC14;21.734;2.646;19.088;19.088;0.0;0.0;0.0;0.0;0.0;0.0;0.0;0.0;0.0;21.734
ZEITGES-2016;HC-HC31;1640.972;1640.972;0.0;0.0;0.0;0.0;0.0;0.0;0.0;1240.768;1240.768;0.0;0.0;2881.74
ZEITGES-2016;HC-HC32;44.17;44.17;0.0;0.0;0.0;0.0;0.0;0.0;0.0;0.0;0.0;0.0;0.0;44.17
ZEITGES-2016;HC-HC34;2334.074;2323.419;10.655;10.655;0.0;95.505;0.0;95.505;0.0;181.358;181.358;0.0;0.0;2610.938
ZEITGES-2016;HC-HC41;174.189;0.102;174.088;174.088;0.0;6.118;6.118;0.0;0.0;38.61;38.61;0.0;0.0;218.917
ZEITGES-2016;HC-HC42;202.445;0.098;202.347;202.347;0.0;7.112;7.112;0.0;0.0;44.877;44.877;0.0;0.0;254.434
ZEITGES-2016;HC-HC43;369.536;133.852;235.683;235.683;0.0;238.393;0.0;238.393;0.0;36.482;24.894;11.588;0.0;644.41
ZEITGES-2016;HC-HC51;3005.698;0.0;3005.698;3005.698;0.0;31.458;31.458;0.0;0.0;1392.402;998.192;394.21;0.0;4429.558
ZEITGES-2016;HC-HC511;3005.698;0.0;3005.698;3005.698;0.0;8.906;8.906;0.0;0.0;394.21;0.0;394.21;0.0;3408.814
ZEITGES-2016;HC-HC512;0.0;0.0;0.0;0.0;0.0;20.903;20.903;0.0;0.0;925.193;925.193;0.0;0.0;946.095
ZEITGES-2016;HC-HC513;0.0;0.0;0.0;0.0;0.0;1.649;1.649;0.0;0.0;72.999;72.999;0.0;0.0;74.648
ZEITGES-2016;HC-HC52;697.324;0.0;697.324;697.324;0.0;124.334;124.334;0.0;0.0;984.952;977.633;7.319;0.0;1806.609
ZEITGES-2016;HC-HC71;67.704;67.704;0.0;0.0;0.0;0.0;0.0;0.0;0.0;0.0;0.0;0.0;0.0;67.704
ZEITGES-2016;HC-HC72;759.235;33.431;725.804;725.804;0.0;683.898;683.898;0.0;0.0;0.0;0.0;0.0;0.0;1443.133
ZEITGES-2016;HC-ALLE_HC;27380.821;11074.611;16306.21;16306.21;0.0;2515.704;1890.661;546.341;78.702;7123.988;6399.328;724.659;0.0;37020.512
ZEITGES-2017;HC-HC1-HC2;18248.736;6729.275;11519.461;11519.461;0.0;1289.082;1078.771;210.311;0.0;3107.655;2798.22;309.435;0.0;22645.473
ZEITGES-2017;HC-HC3;4070.85;4060.589;10.261;10.261;0.0;110.767;0.0;110.767;0.0;1518.68;1518.68;0.0;0.0;5700.296
ZEITGES-2017;HC-HC4;762.984;134.145;628.84;628.84;0.0;256.702;14.07;242.632;0.0;120.847;108.27;12.576;0.0;1140.533
ZEITGES-2017;HC-HC5;3868.601;0.0;3868.601;3868.601;0.0;170.961;170.961;0.0;0.0;2481.167;2080.822;400.345;0.0;6520.729
ZEITGES-2017;HC-HC6;598.904;406.499;192.405;192.405;0.0;105.0;3.445;16.899;84.656;117.621;117.621;0.0;0.0;821.525
ZEITGES-2017;HC-HC7;839.461;105.487;733.975;733.975;0.0;686.611;686.611;0.0;0.0;0.0;0.0;0.0;0.0;1526.072
ZEITGES-2017;HC-ALL_HC;28389.536;11435.994;16953.542;16953.542;0.0;2619.123;1953.858;580.609;84.656;7345.969;6623.612;722.357;0.0;38354.628
ZEITGES-2017;HC-HC1;16650.207;6547.147;10103.06;10103.06;0.0;1054.033;1040.25;13.783;0.0;2387.74;2159.8;227.94;0.0;20091.981
ZEITGES-2017;HC-HC2;1598.529;182.128;1416.401;1416.401;0.0;235.049;38.522;196.527;0.0;719.915;638.419;81.495;0.0;2553.492
ZEITGES-2017;HC-HC11-HC21;10897.149;4991.573;5905.576;5905.576;0.0;1089.764;919.519;170.245;0.0;466.433;384.938;81.495;0.0;12453.346
ZEITGES-2017;HC-HC11;9633.691;4917.312;4716.379;4716.379;0.0;889.786;881.765;8.021;0.0;203.392;203.392;0.0;0.0;10726.869
ZEITGES-2017;HC-HC21;1263.457;74.261;1189.196;1189.196;0.0;199.978;37.754;162.224;0.0;263.042;181.546;81.495;0.0;1726.477
ZEITGES-2017;HC-HC12-HC22;413.248;226.324;186.924;186.924;0.0;0.0;0.0;0.0;0.0;1.0;1.0;0.0;0.0;414.248
ZEITGES-2017;HC-HC12;413.248;226.324;186.924;186.924;0.0;0.0;0.0;0.0;0.0;1.0;1.0;0.0;0.0;414.248
ZEITGES-2017;HC-HC13-HC23;6914.567;1507.816;5406.751;5406.751;0.0;199.318;159.252;40.066;0.0;2640.221;2412.282;227.94;0.0;9754.107
ZEITGES-2017;HC-HC13;6579.496;1399.949;5179.547;5179.547;0.0;164.247;158.485;5.762;0.0;2183.348;1955.409;227.94;0.0;8927.091
ZEITGES-2017;HC-HC131;1401.682;126.225;1275.458;1275.458;0.0;54.229;54.229;0.0;0.0;304.079;256.02;48.059;0.0;1759.99
ZEITGES-2017;HC-HC132;997.171;55.571;941.6;941.6;0.0;37.546;37.546;0.0;0.0;1169.325;1058.739;110.586;0.0;2204.043
ZEITGES-2017;HC-HC133;4033.425;1172.469;2860.956;2860.956;0.0;66.71;66.71;0.0;0.0;517.92;450.185;67.736;0.0;4618.055
ZEITGES-2017;HC-HC139;147.217;45.684;101.533;101.533;0.0;5.762;0.0;5.762;0.0;192.024;190.465;1.559;0.0;345.004
ZEITGES-2017;HC-HC23;335.071;107.867;227.204;227.204;0.0;35.071;0.768;34.303;0.0;456.873;456.873;0.0;0.0;827.015
ZEITGES-2017;HC-HC14-HC24;23.773;3.563;20.21;20.21;0.0;0.0;0.0;0.0;0.0;0.0;0.0;0.0;0.0;23.773
ZEITGES-2017;HC-HC14;23.773;3.563;20.21;20.21;0.0;0.0;0.0;0.0;0.0;0.0;0.0;0.0;0.0;23.773
ZEITGES-2017;HC-HC31;1643.599;1643.599;0.0;0.0;0.0;0.0;0.0;0.0;0.0;1331.844;1331.844;0.0;0.0;2975.443
ZEITGES-2017;HC-HC32;44.566;44.566;0.0;0.0;0.0;0.0;0.0;0.0;0.0;0.0;0.0;0.0;0.0;44.566
ZEITGES-2017;HC-HC34;2382.685;2372.424;10.261;10.261;0.0;110.767;0.0;110.767;0.0;186.835;186.835;0.0;0.0;2680.287
ZEITGES-2017;HC-HC41;181.691;0.092;181.599;181.599;0.0;6.643;6.643;0.0;0.0;39.031;39.031;0.0;0.0;227.365
ZEITGES-2017;HC-HC42;203.118;0.092;203.026;203.026;0.0;7.427;7.427;0.0;0.0;43.636;43.636;0.0;0.0;254.182
ZEITGES-2017;HC-HC43;378.175;133.961;244.214;244.214;0.0;242.632;0.0;242.632;0.0;38.179;25.603;12.576;0.0;658.986
ZEITGES-2017;HC-HC51;3161.127;0.0;3161.127;3161.127;0.0;35.078;35.078;0.0;0.0;1439.074;1045.391;393.683;0.0;4635.28
ZEITGES-2017;HC-HC511;3161.127;0.0;3161.127;3161.127;0.0;9.596;9.596;0.0;0.0;393.683;0.0;393.683;0.0;3564.407
ZEITGES-2017;HC-HC512;0.0;0.0;0.0;0.0;0.0;23.525;23.525;0.0;0.0;965.114;965.114;0.0;0.0;988.639
ZEITGES-2017;HC-HC513;0.0;0.0;0.0;0.0;0.0;1.957;1.957;0.0;0.0;80.277;80.277;0.0;0.0;82.234
ZEITGES-2017;HC-HC52;707.473;0.0;707.473;707.473;0.0;135.883;135.883;0.0;0.0;1042.093;1035.43;6.662;0.0;1885.449
ZEITGES-2017;HC-HC71;71.26;71.26;0.0;0.0;0.0;0.0;0.0;0.0;0.0;0.0;0.0;0.0;0.0;71.26
ZEITGES-2017;HC-HC72;768.202;34.227;733.975;733.975;0.0;686.611;686.611;0.0;0.0;0.0;0.0;0.0;0.0;1454.813
ZEITGES-2017;HC-ALLE_HC;28389.536;11435.994;16953.542;16953.542;0.0;2619.123;1953.858;580.609;84.656;7345.969;6623.612;722.357;0.0;38354.628
ZEITGES-2018;HC-HC1-HC2;19131.239;7063.44;12067.798;12067.798;0.0;1344.418;1115.462;228.955;0.0;3151.521;2858.495;293.026;0.0;23627.177
ZEITGES-2018;HC-HC3;4354.603;4344.67;9.933;9.933;0.0;118.072;0.0;118.072;0.0;1408.207;1408.207;0.0;0.0;5880.882
ZEITGES-2018;HC-HC4;802.288;141.332;660.956;660.956;0.0;277.986;17.003;260.984;0.0;120.717;112.642;8.075;0.0;1200.991
ZEITGES-2018;HC-HC5;4003.697;0.0;4003.697;4003.697;0.0;184.013;184.013;0.0;0.0;2548.405;2140.172;408.233;0.0;6736.114
ZEITGES-2018;HC-HC6;611.969;416.917;195.053;195.053;0.0;109.021;3.832;19.516;85.673;117.606;117.606;0.0;0.0;838.596
ZEITGES-2018;HC-HC7;867.738;103.768;763.97;763.97;0.0;719.961;719.961;0.0;0.0;0.0;0.0;0.0;0.0;1587.699
ZEITGES-2018;HC-ALL_HC;29771.535;12070.128;17701.407;17701.407;0.0;2753.471;2040.271;627.527;85.673;7346.455;6637.121;709.334;0.0;39871.46
ZEITGES-2018;HC-HC1;17499.628;6878.004;10621.623;10621.623;0.0;1090.01;1076.257;13.752;0.0;2430.026;2221.222;208.804;0.0;21019.663
ZEITGES-2018;HC-HC2;1631.611;185.436;1446.175;1446.175;0.0;254.408;39.205;215.203;0.0;721.495;637.273;84.222;0.0;2607.514
ZEITGES-2018;HC-HC11-HC21;11331.837;5234.45;6097.387;6097.387;0.0;1107.688;925.314;182.374;0.0;519.833;435.611;84.222;0.0;12959.359
ZEITGES-2018;HC-HC11;10040.369;5160.447;4879.922;4879.922;0.0;895.617;887.065;8.552;0.0;244.356;244.356;0.0;0.0;11180.342
ZEITGES-2018;HC-HC21;1291.468;74.002;1217.466;1217.466;0.0;212.071;38.249;173.822;0.0;275.477;191.255;84.222;0.0;1779.016
ZEITGES-2018;HC-HC12-HC22;278.026;152.254;125.771;125.771;0.0;0.0;0.0;0.0;0.0;1.0;1.0;0.0;0.0;279.026
ZEITGES-2018;HC-HC12;278.026;152.254;125.771;125.771;0.0;0.0;0.0;0.0;0.0;1.0;1.0;0.0;0.0;279.026
ZEITGES-2018;HC-HC13-HC23;7496.009;1675.613;5820.395;5820.395;0.0;236.729;190.148;46.581;0.0;2630.688;2421.884;208.804;0.0;10363.426
ZEITGES-2018;HC-HC13;7155.866;1564.18;5591.686;5591.686;0.0;194.392;189.192;5.2;0.0;2184.67;1975.866;208.804;0.0;9534.928
ZEITGES-2018;HC-HC131;1489.713;131.085;1358.628;1358.628;0.0;66.236;66.236;0.0;0.0;296.812;247.23;49.582;0.0;1852.761
ZEITGES-2018;HC-HC132;1078.693;58.624;1020.069;1020.069;0.0;40.344;40.344;0.0;0.0;1177.047;1088.503;88.544;0.0;2296.084
ZEITGES-2018;HC-HC133;4428.496;1324.933;3103.563;3103.563;0.0;82.612;82.612;0.0;0.0;511.434;442.289;69.145;0.0;5022.542
ZEITGES-2018;HC-HC139;158.964;49.538;109.426;109.426;0.0;5.2;0.0;5.2;0.0;199.376;197.844;1.532;0.0;363.54
ZEITGES-2018;HC-HC23;340.143;111.434;228.709;228.709;0.0;42.337;0.956;41.381;0.0;446.018;446.018;0.0;0.0;828.498
ZEITGES-2018;HC-HC14-HC24;25.367;1.123;24.244;24.244;0.0;0.0;0.0;0.0;0.0;0.0;0.0;0.0;0.0;25.367
ZEITGES-2018;HC-HC14;25.367;1.123;24.244;24.244;0.0;0.0;0.0;0.0;0.0;0.0;0.0;0.0;0.0;25.367
ZEITGES-2018;HC-HC31;1950.637;1950.637;0.0;0.0;0.0;0.0;0.0;0.0;0.0;1198.509;1198.509;0.0;0.0;3149.146
ZEITGES-2018;HC-HC32;48.598;48.598;0.0;0.0;0.0;0.0;0.0;0.0;0.0;0.0;0.0;0.0;0.0;48.598
ZEITGES-2018;HC-HC34;2355.369;2345.436;9.933;9.933;0.0;118.072;0.0;118.072;0.0;209.697;209.697;0.0;0.0;2683.138
ZEITGES-2018;HC-HC41;189.207;0.089;189.117;189.117;0.0;8.019;8.019;0.0;0.0;42.158;42.158;0.0;0.0;239.383
ZEITGES-2018;HC-HC42;211.952;0.079;211.873;211.873;0.0;8.984;8.984;0.0;0.0;37.63;37.63;0.0;0.0;258.566
ZEITGES-2018;HC-HC43;401.129;141.163;259.966;259.966;0.0;260.984;0.0;260.984;0.0;40.929;32.854;8.075;0.0;703.042
ZEITGES-2018;HC-HC51;3222.756;0.0;3222.756;3222.756;0.0;38.503;38.503;0.0;0.0;1503.775;1102.224;401.552;0.0;4765.034
ZEITGES-2018;HC-HC511;3222.756;0.0;3222.756;3222.756;0.0;10.281;10.281;0.0;0.0;401.552;0.0;401.552;0.0;3634.589
ZEITGES-2018;HC-HC512;0.0;0.0;0.0;0.0;0.0;26.198;26.198;0.0;0.0;1023.195;1023.195;0.0;0.0;1049.394
ZEITGES-2018;HC-HC513;0.0;0.0;0.0;0.0;0.0;2.023;2.023;0.0;0.0;79.028;79.028;0.0;0.0;81.052
ZEITGES-2018;HC-HC52;780.941;0.0;780.941;780.941;0.0;145.51;145.51;0.0;0.0;1044.629;1037.948;6.681;0.0;1971.08
ZEITGES-2018;HC-HC61;100.854;17.405;83.449;83.449;0.0;19.516;0.0;19.516;0.0;0.0;0.0;0.0;0.0;120.37
ZEITGES-2018;HC-HC62;126.83;110.393;16.438;16.438;0.0;0.0;0.0;0.0;0.0;0.0;0.0;0.0;0.0;126.83
ZEITGES-2018;HC-HC64;333.084;237.918;95.166;95.166;0.0;89.505;3.832;0.0;85.673;117.606;117.606;0.0;0.0;540.195
ZEITGES-2018;HC-HC65;51.201;51.201;0.0;0.0;0.0;0.0;0.0;0.0;0.0;0.0;0.0;0.0;0.0;51.201
ZEITGES-2018;HC-HC71;69.504;69.504;0.0;0.0;0.0;0.0;0.0;0.0;0.0;0.0;0.0;0.0;0.0;69.504
ZEITGES-2018;HC-HC72;798.234;34.264;763.97;763.97;0.0;719.961;719.961;0.0;0.0;0.0;0.0;0.0;0.0;1518.195
ZEITGES-2018;HC-ALLE_HC;29771.535;12070.128;17701.407;17701.407;0.0;2753.471;2040.271;627.527;85.673;7346.455;6637.121;709.334;0.0;39871.46
ZEITGES-2019;HC-HC1-HC2;20225.065;7486.3;12738.765;12738.765;0.0;1407.268;1154.032;253.235;0.0;3160.577;2858.415;302.162;0.0;24792.91
ZEITGES-2019;HC-HC3;4523.953;4511.997;11.956;11.956;0.0;129.443;0.0;129.443;0.0;1416.97;1416.97;0.0;0.0;6070.366
ZEITGES-2019;HC-HC4;827.535;130.548;696.987;696.987;0.0;301.034;17.906;283.128;0.0;115.75;108.729;7.021;0.0;1244.32
ZEITGES-2019;HC-HC5;4127.257;0.0;4127.257;4127.257;0.0;203.738;203.738;0.0;0.0;2658.563;2238.653;419.91;0.0;6989.558
ZEITGES-2019;HC-HC6;642.918;442.363;200.556;200.556;0.0;116.684;3.867;20.533;92.284;109.991;109.991;0.0;0.0;869.593
ZEITGES-2019;HC-HC7;919.18;106.756;812.424;812.424;0.0;765.029;765.029;0.0;0.0;0.0;0.0;0.0;0.0;1684.209
ZEITGES-2019;HC-ALL_HC;31265.908;12677.964;18587.944;18587.944;0.0;2923.195;2144.573;686.338;92.284;7461.851;6732.759;729.092;0.0;41650.955
ZEITGES-2019;HC-HC1;18490.589;7285.452;11205.137;11205.137;0.0;1133.477;1115.761;17.716;0.0;2459.74;2243.593;216.147;0.0;22083.807
ZEITGES-2019;HC-HC2;1734.476;200.848;1533.628;1533.628;0.0;273.79;38.272;235.519;0.0;700.837;614.822;86.015;0.0;2709.103
ZEITGES-2019;HC-HC11-HC21;11765.88;5445.42;6320.461;6320.461;0.0;1156.182;955.546;200.636;0.0;544.653;458.638;86.015;0.0;13466.715
ZEITGES-2019;HC-HC11;10400.152;5362.922;5037.231;5037.231;0.0;926.842;918.323;8.519;0.0;266.327;266.327;0.0;0.0;11593.321
ZEITGES-2019;HC-HC21;1365.728;82.498;1283.23;1283.23;0.0;229.34;37.223;192.117;0.0;278.326;192.311;86.015;0.0;1873.394
ZEITGES-2019;HC-HC12-HC22;206.358;113.43;92.927;92.927;0.0;0.0;0.0;0.0;0.0;1.0;1.0;0.0;0.0;207.358
ZEITGES-2019;HC-HC12;206.358;113.43;92.927;92.927;0.0;0.0;0.0;0.0;0.0;1.0;1.0;0.0;0.0;207.358
ZEITGES-2019;HC-HC13-HC23;8225.994;1926.973;6299.021;6299.021;0.0;251.086;198.486;52.599;0.0;2614.924;2398.777;216.147;0.0;11092.004
ZEITGES-2019;HC-HC13;7857.247;1808.623;6048.623;6048.623;0.0;206.635;197.438;9.197;0.0;2192.413;1976.266;216.147;0.0;10256.295
ZEITGES-2019;HC-HC131;1562.91;137.32;1425.589;1425.589;0.0;68.182;68.182;0.0;0.0;273.124;222.042;51.082;0.0;1904.216
ZEITGES-2019;HC-HC132;1135.191;61.897;1073.293;1073.293;0.0;40.21;40.21;0.0;0.0;1221.499;1131.004;90.495;0.0;2396.899
ZEITGES-2019;HC-HC133;4987.452;1556.558;3430.894;3430.894;0.0;89.045;89.045;0.0;0.0;491.984;419.069;72.914;0.0;5568.481
ZEITGES-2019;HC-HC139;171.695;52.848;118.847;118.847;0.0;9.197;0.0;9.197;0.0;205.807;204.151;1.656;0.0;386.699
ZEITGES-2019;HC-HC23;368.748;118.35;250.398;250.398;0.0;44.45;1.049;43.402;0.0;422.511;422.511;0.0;0.0;835.709
ZEITGES-2019;HC-HC14-HC24;26.833;0.477;26.356;26.356;0.0;0.0;0.0;0.0;0.0;0.0;0.0;0.0;0.0;26.833
ZEITGES-2019;HC-HC14;26.833;0.477;26.356;26.356;0.0;0.0;0.0;0.0;0.0;0.0;0.0;0.0;0.0;26.833
ZEITGES-2019;HC-HC31;2108.157;2108.157;0.0;0.0;0.0;0.0;0.0;0.0;0.0;1181.327;1181.327;0.0;0.0;3289.484
ZEITGES-2019;HC-HC32;50.182;50.182;0.0;0.0;0.0;0.0;0.0;0.0;0.0;0.0;0.0;0.0;0.0;50.182
ZEITGES-2019;HC-HC34;2365.614;2353.658;11.956;11.956;0.0;129.443;0.0;129.443;0.0;235.643;235.643;0.0;0.0;2730.7
ZEITGES-2019;HC-HC41;200.641;0.073;200.569;200.569;0.0;8.501;8.501;0.0;0.0;34.632;34.632;0.0;0.0;243.774
ZEITGES-2019;HC-HC42;221.998;0.086;221.912;221.912;0.0;9.405;9.405;0.0;0.0;38.318;38.318;0.0;0.0;269.722
ZEITGES-2019;HC-HC43;404.896;130.389;274.506;274.506;0.0;283.128;0.0;283.128;0.0;42.8;35.779;7.021;0.0;730.823
ZEITGES-2019;HC-HC51;3298.223;0.0;3298.223;3298.223;0.0;40.665;40.665;0.0;0.0;1591.101;1178.115;412.986;0.0;4929.989
ZEITGES-2019;HC-HC511;3298.223;0.0;3298.223;3298.223;0.0;10.555;10.555;0.0;0.0;412.986;0.0;412.986;0.0;3721.764
ZEITGES-2019;HC-HC512;0.0;0.0;0.0;0.0;0.0;28.052;28.052;0.0;0.0;1097.594;1097.594;0.0;0.0;1125.646
ZEITGES-2019;HC-HC513;0.0;0.0;0.0;0.0;0.0;2.058;2.058;0.0;0.0;80.521;80.521;0.0;0.0;82.579
ZEITGES-2019;HC-HC52;829.034;0.0;829.034;829.034;0.0;163.073;163.073;0.0;0.0;1067.462;1060.538;6.923;0.0;2059.569
ZEITGES-2019;HC-HC61;100.163;17.574;82.589;82.589;0.0;20.533;0.0;20.533;0.0;0.0;0.0;0.0;0.0;120.695
ZEITGES-2019;HC-HC62;149.156;127.223;21.933;21.933;0.0;0.0;0.0;0.0;0.0;0.0;0.0;0.0;0.0;149.156
ZEITGES-2019;HC-HC64;345.853;249.819;96.034;96.034;0.0;96.151;3.867;0.0;92.284;109.991;109.991;0.0;0.0;551.995
ZEITGES-2019;HC-HC65;47.747;47.747;0.0;0.0;0.0;0.0;0.0;0.0;0.0;0.0;0.0;0.0;0.0;47.747
ZEITGES-2019;HC-HC71;70.413;70.413;0.0;0.0;0.0;0.0;0.0;0.0;0.0;0.0;0.0;0.0;0.0;70.413
ZEITGES-2019;HC-HC72;848.766;36.342;812.424;812.424;0.0;765.029;765.029;0.0;0.0;0.0;0.0;0.0;0.0;1613.795
ZEITGES-2019;HC-ALLE_HC;31265.908;12677.964;18587.944;18587.944;0.0;2923.195;2144.573;686.338;92.284;7461.851;6732.759;729.092;0.0;41650.955
ZEITGES-2020;HC-HC1-HC2;21071.971;8298.428;12773.543;12773.543;0.0;1397.425;1111.406;286.019;0.0;2812.171;2547.618;264.553;0.0;25281.567
ZEITGES-2020;HC-HC3;4821.622;4811.549;10.072;10.072;0.0;144.417;0.0;144.417;0.0;1380.24;1380.24;0.0;0.0;6346.279
ZEITGES-2020;HC-HC4;848.775;178.461;670.313;670.313;0.0;315.305;18.23;297.076;0.0;111.138;105.294;5.844;0.0;1275.218
ZEITGES-2020;HC-HC5;4349.252;50.038;4299.214;4299.214;0.0;199.489;199.489;0.0;0.0;2661.911;2238.957;422.954;0.0;7210.652
ZEITGES-2020;HC-HC6;1131.466;923.975;207.491;207.491;0.0;111.669;4.022;20.649;86.998;134.422;134.422;0.0;0.0;1377.557
ZEITGES-2020;HC-HC7;939.676;102.387;837.289;837.289;0.0;671.955;671.955;0.0;0.0;0.0;0.0;0.0;0.0;1611.631
ZEITGES-2020;HC-ALL_HC;33162.761;14364.838;18797.923;18797.923;0.0;2840.261;2005.102;748.161;86.998;7099.882;6406.531;693.351;0.0;43102.903
ZEITGES-2020;HC-HC1;19415.937;8042.684;11373.254;11373.254;0.0;1129.928;1081.011;48.917;0.0;2196.223;1992.103;204.12;0.0;22742.088
ZEITGES-2020;HC-HC2;1656.033;255.744;1400.29;1400.29;0.0;267.497;30.395;237.102;0.0;615.948;555.515;60.433;0.0;2539.478
ZEITGES-2020;HC-HC11-HC21;12428.17;6060.008;6368.162;6368.162;0.0;1127.435;904.931;222.504;0.0;483.75;423.317;60.433;0.0;14039.355
ZEITGES-2020;HC-HC11;11130.345;5925.959;5204.386;5204.386;0.0;899.855;875.654;24.201;0.0;248.57;248.57;0.0;0.0;12278.77
ZEITGES-2020;HC-HC21;1297.825;134.049;1163.776;1163.776;0.0;227.58;29.277;198.303;0.0;235.18;174.748;60.433;0.0;1760.585
ZEITGES-2020;HC-HC12-HC22;193.266;107.477;85.789;85.789;0.0;0.0;0.0;0.0;0.0;1.0;1.0;0.0;0.0;194.266
ZEITGES-2020;HC-HC12;193.266;107.477;85.789;85.789;0.0;0.0;0.0;0.0;0.0;1.0;1.0;0.0;0.0;194.266
ZEITGES-2020;HC-HC13-HC23;8423.438;2130.184;6293.255;6293.255;0.0;269.99;206.475;63.515;0.0;2327.421;2123.301;204.12;0.0;11020.849
ZEITGES-2020;HC-HC13;8065.23;2008.488;6056.742;6056.742;0.0;230.072;205.357;24.715;0.0;1946.654;1742.534;204.12;0.0;10241.956
ZEITGES-2020;HC-HC131;1562.291;144.206;1418.085;1418.085;0.0;71.861;71.861;0.0;0.0;252.775;202.433;50.342;0.0;1886.928
ZEITGES-2020;HC-HC132;1106.318;66.616;1039.702;1039.702;0.0;39.195;39.195;0.0;0.0;1024.59;942.19;82.4;0.0;2170.103
ZEITGES-2020;HC-HC133;5216.69;1741.575;3475.115;3475.115;0.0;94.301;94.301;0.0;0.0;435.877;366.095;69.782;0.0;5746.868
ZEITGES-2020;HC-HC139;179.931;56.091;123.839;123.839;0.0;24.715;0.0;24.715;0.0;233.412;231.815;1.596;0.0;438.058
ZEITGES-2020;HC-HC23;358.208;121.695;236.513;236.513;0.0;39.917;1.118;38.799;0.0;380.767;380.767;0.0;0.0;778.893
ZEITGES-2020;HC-HC14-HC24;27.096;0.759;26.337;26.337;0.0;0.0;0.0;0.0;0.0;0.0;0.0;0.0;0.0;27.096
ZEITGES-2020;HC-HC14;27.096;0.759;26.337;26.337;0.0;0.0;0.0;0.0;0.0;0.0;0.0;0.0;0.0;27.096
ZEITGES-2020;HC-HC31;2293.473;2293.473;0.0;0.0;0.0;0.0;0.0;0.0;0.0;1148.688;1148.688;0.0;0.0;3442.161
ZEITGES-2020;HC-HC32;43.943;43.943;0.0;0.0;0.0;0.0;0.0;0.0;0.0;0.0;0.0;0.0;0.0;43.943
ZEITGES-2020;HC-HC34;2484.205;2474.133;10.072;10.072;0.0;144.417;0.0;144.417;0.0;231.553;231.553;0.0;0.0;2860.175
ZEITGES-2020;HC-HC41;204.231;0.084;204.147;204.147;0.0;9.367;9.367;0.0;0.0;32.779;32.779;0.0;0.0;246.377
ZEITGES-2020;HC-HC42;193.948;0.789;193.159;193.159;0.0;8.863;8.863;0.0;0.0;31.015;31.015;0.0;0.0;233.825
ZEITGES-2020;HC-HC43;450.596;177.588;273.008;273.008;0.0;297.076;0.0;297.076;0.0;47.344;41.5;5.844;0.0;795.016
ZEITGES-2020;HC-HC51;3518.609;50.038;3468.571;3468.571;0.0;42.733;42.733;0.0;0.0;1704.859;1288.474;416.384;0.0;5266.2
ZEITGES-2020;HC-HC511;3468.571;0.0;3468.571;3468.571;0.0;10.964;10.964;0.0;0.0;416.384;0.0;416.384;0.0;3895.919
ZEITGES-2020;HC-HC512;0.0;0.0;0.0;0.0;0.0;29.326;29.326;0.0;0.0;1113.711;1113.711;0.0;0.0;1143.037
ZEITGES-2020;HC-HC513;50.038;50.038;0.0;0.0;0.0;2.443;2.443;0.0;0.0;174.763;174.763;0.0;0.0;227.244
ZEITGES-2020;HC-HC52;830.643;0.0;830.643;830.643;0.0;156.756;156.756;0.0;0.0;957.052;950.482;6.57;0.0;1944.452
ZEITGES-2020;HC-HC61;148.498;74.316;74.183;74.183;0.0;20.649;0.0;20.649;0.0;0.0;0.0;0.0;0.0;169.147
ZEITGES-2020;HC-HC62;179.84;156.689;23.15;23.15;0.0;0.0;0.0;0.0;0.0;0.0;0.0;0.0;0.0;179.84
ZEITGES-2020;HC-HC63;276.483;258.618;17.864;17.864;0.0;0.0;0.0;0.0;0.0;0.0;0.0;0.0;0.0;276.483
ZEITGES-2020;HC-HC64;327.106;234.812;92.294;92.294;0.0;91.02;4.022;0.0;86.998;134.422;134.422;0.0;0.0;552.548
ZEITGES-2020;HC-HC65;124.842;124.842;0.0;0.0;0.0;0.0;0.0;0.0;0.0;0.0;0.0;0.0;0.0;124.842
ZEITGES-2020;HC-HC66;74.698;74.698;0.0;0.0;0.0;0.0;0.0;0.0;0.0;0.0;0.0;0.0;0.0;74.698
ZEITGES-2020;HC-HC71;69.984;69.984;0.0;0.0;0.0;0.0;0.0;0.0;0.0;0.0;0.0;0.0;0.0;69.984
ZEITGES-2020;HC-HC72;869.692;32.403;837.289;837.289;0.0;671.955;671.955;0.0;0.0;0.0;0.0;0.0;0.0;1541.647
ZEITGES-2020;HC-ALLE_HC;33162.761;14364.838;18797.923;18797.923;0.0;2840.261;2005.102;748.161;86.998;7099.882;6406.531;693.351;0.0;43102.903
ZEITGES-2021;HC-HC1-HC2;22319.155;8773.704;13545.451;13545.451;0.0;1411.756;1104.611;307.145;0.0;3176.775;2878.181;298.594;0.0;26907.686
ZEITGES-2021;HC-HC3;4853.773;4843.798;9.975;9.975;0.0;155.134;0.0;155.134;0.0;1463.463;1463.463;0.0;0.0;6472.37
ZEITGES-2021;HC-HC4;915.512;164.35;751.162;751.162;0.0;270.738;20.185;250.553;0.0;119.312;113.171;6.141;0.0;1305.562
ZEITGES-2021;HC-HC5;4629.24;67.017;4562.223;4562.223;0.0;222.25;222.25;0.0;0.0;2848.921;2419.541;429.38;0.0;7700.411
ZEITGES-2021;HC-HC6;4855.325;4594.67;260.655;260.655;0.0;140.65;3.825;31.016;105.809;140.302;140.302;0.0;0.0;5136.278
ZEITGES-2021;HC-HC7;942.869;109.04;833.828;833.828;0.0;780.919;780.919;0.0;0.0;0.0;0.0;0.0;0.0;1723.788
ZEITGES-2021;HC-ALL_HC;38515.873;18552.579;19963.294;19963.294;0.0;2981.448;2131.79;743.849;105.809;7748.774;7014.659;734.115;0.0;49246.095
ZEITGES-2021;HC-HC1;20440.047;8507.844;11932.204;11932.204;0.0;1124.024;1072.731;51.292;0.0;2499.256;2274.073;225.184;0.0;24063.328
ZEITGES-2021;HC-HC2;1879.108;265.86;1613.248;1613.248;0.0;287.732;31.879;255.853;0.0;677.519;604.108;73.411;0.0;2844.359
ZEITGES-2021;HC-HC11-HC21;12853.723;6308.165;6545.558;6545.558;0.0;1126.861;887.75;239.111;0.0;531.258;457.847;73.411;0.0;14511.842
ZEITGES-2021;HC-HC11;11376.929;6173.31;5203.619;5203.619;0.0;882.634;856.919;25.715;0.0;257.208;257.208;0.0;0.0;12516.771
ZEITGES-2021;HC-HC21;1476.794;134.854;1341.94;1341.94;0.0;244.227;30.831;213.396;0.0;274.05;200.639;73.411;0.0;1995.071
ZEITGES-2021;HC-HC12-HC22;195.107;109.884;85.224;85.224;0.0;0.0;0.0;0.0;0.0;1.0;1.0;0.0;0.0;196.107
ZEITGES-2021;HC-HC12;195.107;109.884;85.224;85.224;0.0;0.0;0.0;0.0;0.0;1.0;1.0;0.0;0.0;196.107
ZEITGES-2021;HC-HC13-HC23;9241.793;2354.514;6887.28;6887.28;0.0;284.896;216.861;68.035;0.0;2644.517;2419.334;225.184;0.0;12171.206
ZEITGES-2021;HC-HC13;8839.48;2223.508;6615.972;6615.972;0.0;241.39;215.812;25.577;0.0;2241.049;2015.865;225.184;0.0;11321.918
ZEITGES-2021;HC-HC131;1793.854;162.412;1631.441;1631.441;0.0;75.695;75.695;0.0;0.0;270.672;213.031;57.64;0.0;2140.221
ZEITGES-2021;HC-HC132;1193.828;84.101;1109.727;1109.727;0.0;40.217;40.217;0.0;0.0;1280.677;1190.125;90.551;0.0;2514.721
ZEITGES-2021;HC-HC133;5648.268;1917.371;3730.897;3730.897;0.0;99.9;99.9;0.0;0.0;441.936;366.724;75.213;0.0;6190.105
ZEITGES-2021;HC-HC139;203.53;59.623;143.907;143.907;0.0;25.577;0.0;25.577;0.0;247.764;245.985;1.779;0.0;476.871
ZEITGES-2021;HC-HC23;402.313;131.006;271.308;271.308;0.0;43.506;1.048;42.457;0.0;403.469;403.469;0.0;0.0;849.288
ZEITGES-2021;HC-HC14-HC24;28.531;1.142;27.39;27.39;0.0;0.0;0.0;0.0;0.0;0.0;0.0;0.0;0.0;28.531
ZEITGES-2021;HC-HC14;28.531;1.142;27.39;27.39;0.0;0.0;0.0;0.0;0.0;0.0;0.0;0.0;0.0;28.531
ZEITGES-2021;HC-HC31;2283.063;2283.063;0.0;0.0;0.0;0.0;0.0;0.0;0.0;1230.417;1230.417;0.0;0.0;3513.48
ZEITGES-2021;HC-HC32;50.838;50.838;0.0;0.0;0.0;0.0;0.0;0.0;0.0;0.0;0.0;0.0;0.0;50.838
ZEITGES-2021;HC-HC34;2519.871;2509.897;9.975;9.975;0.0;155.134;0.0;155.134;0.0;233.046;233.046;0.0;0.0;2908.052
ZEITGES-2021;HC-HC41;232.544;0.066;232.478;232.478;0.0;10.375;10.375;0.0;0.0;34.056;34.056;0.0;0.0;276.974
ZEITGES-2021;HC-HC42;219.93;0.09;219.84;219.84;0.0;9.811;9.811;0.0;0.0;32.204;32.204;0.0;0.0;261.945
ZEITGES-2021;HC-HC43;463.038;164.194;298.844;298.844;0.0;250.553;0.0;250.553;0.0;53.052;46.911;6.141;0.0;766.643
ZEITGES-2021;HC-HC51;3714.736;67.017;3647.719;3647.719;0.0;44.843;44.843;0.0;0.0;1833.851;1410.858;422.993;0.0;5593.43
ZEITGES-2021;HC-HC511;3647.719;0.0;3647.719;3647.719;0.0;11.149;11.149;0.0;0.0;422.993;0.0;422.993;0.0;4081.861
ZEITGES-2021;HC-HC512;0.0;0.0;0.0;0.0;0.0;31.356;31.356;0.0;0.0;1189.587;1189.587;0.0;0.0;1220.943
ZEITGES-2021;HC-HC513;67.017;67.017;0.0;0.0;0.0;2.338;2.338;0.0;0.0;221.271;221.271;0.0;0.0;290.626
ZEITGES-2021;HC-HC52;914.505;0.0;914.505;914.505;0.0;177.407;177.407;0.0;0.0;1015.07;1008.683;6.387;0.0;2106.981
ZEITGES-2021;HC-HC61;194.185;119.7;74.485;74.485;0.0;31.016;0.0;31.016;0.0;0.0;0.0;0.0;0.0;225.202
ZEITGES-2021;HC-HC62;842.673;813.475;29.198;29.198;0.0;0.0;0.0;0.0;0.0;0.0;0.0;0.0;0.0;842.673
ZEITGES-2021;HC-HC63;3126.3;3059.772;66.529;66.529;0.0;0.0;0.0;0.0;0.0;0.0;0.0;0.0;0.0;3126.3
ZEITGES-2021;HC-HC64;350.056;259.614;90.442;90.442;0.0;109.634;3.825;0.0;105.809;140.302;140.302;0.0;0.0;599.993
ZEITGES-2021;HC-HC65;231.774;231.774;0.0;0.0;0.0;0.0;0.0;0.0;0.0;0.0;0.0;0.0;0.0;231.774
ZEITGES-2021;HC-HC66;110.335;110.335;0.0;0.0;0.0;0.0;0.0;0.0;0.0;0.0;0.0;0.0;0.0;110.335
ZEITGES-2021;HC-HC71;75.688;75.688;0.0;0.0;0.0;0.0;0.0;0.0;0.0;0.0;0.0;0.0;0.0;75.688
ZEITGES-2021;HC-HC72;867.181;33.353;833.828;833.828;0.0;780.919;780.919;0.0;0.0;0.0;0.0;0.0;0.0;1648.1
ZEITGES-2021;HC-ALLE_HC;38515.873;18552.579;19963.294;19963.294;0.0;2981.448;2131.79;743.849;105.809;7748.774;7014.659;734.115;0.0;49246.095
ZEITGES-2022;HC-HC1-HC2;23420.572;8980.525;14440.047;14440.047;0.0;1537.642;1214.523;323.119;0.0;3278.348;2957.44;320.909;0.0;28236.563
ZEITGES-2022;HC-HC3;5021.019;5011.462;9.557;9.557;0.0;184.722;0.0;184.722;0.0;1509.576;1509.576;0.0;0.0;6715.317
ZEITGES-2022;HC-HC4;975.074;149.653;825.421;825.421;0.0;300.725;22.995;277.73;0.0;117.382;110.765;6.617;0.0;1393.181
ZEITGES-2022;HC-HC5;4899.327;61.833;4837.494;4837.494;0.0;253.306;253.306;0.0;0.0;2927.337;2482.055;445.282;0.0;8079.97
ZEITGES-2022;HC-HC6;3397.96;3132.796;265.164;265.164;0.0;168.52;4.225;43.688;120.607;146.237;146.237;0.0;0.0;3712.717
ZEITGES-2022;HC-HC7;983.578;120.032;863.546;863.546;0.0;776.058;776.058;0.0;0.0;0.0;0.0;0.0;0.0;1759.636
ZEITGES-2022;HC-ALL_HC;38697.53;17456.301;21241.229;21241.229;0.0;3220.972;2271.108;829.258;120.607;7978.88;7206.073;772.807;0.0;49897.383
ZEITGES-2022;HC-HC1;21445.25;8739.153;12706.097;12706.097;0.0;1230.239;1173.492;56.748;0.0;2525.76;2288.524;237.236;0.0;25201.249
ZEITGES-2022;HC-HC2;1975.322;241.372;1733.95;1733.95;0.0;307.403;41.032;266.371;0.0;752.589;668.916;83.673;0.0;3035.314
ZEITGES-2022;HC-HC11-HC21;13310.104;6402.427;6907.676;6907.676;0.0;1216.386;970.193;246.193;0.0;606.013;522.34;83.673;0.0;15132.503
ZEITGES-2022;HC-HC11;11767.091;6298.283;5468.807;5468.807;0.0;954.626;930.346;24.28;0.0;277.705;277.705;0.0;0.0;12999.422
ZEITGES-2022;HC-HC21;1543.013;104.144;1438.869;1438.869;0.0;261.76;39.847;221.913;0.0;328.308;244.635;83.673;0.0;2133.081
ZEITGES-2022;HC-HC12-HC22;205.107;115.535;89.573;89.573;0.0;0.0;0.0;0.0;0.0;1.0;1.0;0.0;0.0;206.107
ZEITGES-2022;HC-HC12;205.107;115.535;89.573;89.573;0.0;0.0;0.0;0.0;0.0;1.0;1.0;0.0;0.0;206.107
ZEITGES-2022;HC-HC13-HC23;9880.035;2462.112;7417.923;7417.923;0.0;321.256;244.33;76.925;0.0;2671.336;2434.1;237.236;0.0;12872.626
ZEITGES-2022;HC-HC13;9447.726;2324.884;7122.841;7122.841;0.0;275.613;243.146;32.467;0.0;2247.055;2009.819;237.236;0.0;11970.393
ZEITGES-2022;HC-HC131;1935.537;160.012;1775.524;1775.524;0.0;87.071;87.071;0.0;0.0;262.665;201.31;61.354;0.0;2285.272
ZEITGES-2022;HC-HC132;1210.965;67.355;1143.609;1143.609;0.0;42.767;42.767;0.0;0.0;1283.64;1189.729;93.911;0.0;2537.372
ZEITGES-2022;HC-HC133;6081.288;2033.715;4047.573;4047.573;0.0;113.308;113.308;0.0;0.0;440.013;359.956;80.057;0.0;6634.609
ZEITGES-2022;HC-HC139;219.936;63.801;156.135;156.135;0.0;32.467;0.0;32.467;0.0;260.737;258.824;1.913;0.0;513.14
ZEITGES-2022;HC-HC23;432.309;137.228;295.081;295.081;0.0;45.643;1.185;44.458;0.0;424.281;424.281;0.0;0.0;902.233
ZEITGES-2022;HC-HC14-HC24;25.326;0.451;24.875;24.875;0.0;0.0;0.0;0.0;0.0;0.0;0.0;0.0;0.0;25.326
ZEITGES-2022;HC-HC14;25.326;0.451;24.875;24.875;0.0;0.0;0.0;0.0;0.0;0.0;0.0;0.0;0.0;25.326
ZEITGES-2022;HC-HC31;2397.933;2397.933;0.0;0.0;0.0;0.0;0.0;0.0;0.0;1277.37;1277.37;0.0;0.0;3675.303
ZEITGES-2022;HC-HC32;54.579;54.579;0.0;0.0;0.0;0.0;0.0;0.0;0.0;0.0;0.0;0.0;0.0;54.579
ZEITGES-2022;HC-HC34;2568.507;2558.949;9.557;9.557;0.0;184.722;0.0;184.722;0.0;232.206;232.206;0.0;0.0;2985.434
ZEITGES-2022;HC-HC41;252.878;0.071;252.807;252.807;0.0;11.811;11.811;0.0;0.0;32.99;32.99;0.0;0.0;297.679
ZEITGES-2022;HC-HC42;239.477;0.088;239.389;239.389;0.0;11.184;11.184;0.0;0.0;31.239;31.239;0.0;0.0;281.901
ZEITGES-2022;HC-HC43;482.719;149.495;333.225;333.225;0.0;277.73;0.0;277.73;0.0;53.153;46.536;6.617;0.0;813.602
ZEITGES-2022;HC-HC51;3927.054;61.833;3865.221;3865.221;0.0;52.899;52.899;0.0;0.0;1894.36;1455.946;438.414;0.0;5874.313
ZEITGES-2022;HC-HC511;3918.733;53.512;3865.221;3865.221;0.0;12.954;12.954;0.0;0.0;438.414;0.0;438.414;0.0;4370.101
ZEITGES-2022;HC-HC512;0.0;0.0;0.0;0.0;0.0;37.217;37.217;0.0;0.0;1259.589;1259.589;0.0;0.0;1296.807
ZEITGES-2022;HC-HC513;8.321;8.321;0.0;0.0;0.0;2.728;2.728;0.0;0.0;196.357;196.357;0.0;0.0;207.406
ZEITGES-2022;HC-HC52;972.273;0.0;972.273;972.273;0.0;200.407;200.407;0.0;0.0;1032.977;1026.109;6.868;0.0;2205.656
ZEITGES-2022;HC-HC61;209.081;121.203;87.879;87.879;0.0;43.688;0.0;43.688;0.0;0.0;0.0;0.0;0.0;252.769
ZEITGES-2022;HC-HC62;513.027;481.362;31.665;31.665;0.0;0.0;0.0;0.0;0.0;0.0;0.0;0.0;0.0;513.027
ZEITGES-2022;HC-HC63;2059.683;2009.362;50.321;50.321;0.0;0.0;0.0;0.0;0.0;0.0;0.0;0.0;0.0;2059.683
ZEITGES-2022;HC-HC64;355.295;259.995;95.299;95.299;0.0;124.832;4.225;0.0;120.607;146.237;146.237;0.0;0.0;626.364
ZEITGES-2022;HC-HC65;199.592;199.592;0.0;0.0;0.0;0.0;0.0;0.0;0.0;0.0;0.0;0.0;0.0;199.592
ZEITGES-2022;HC-HC66;61.282;61.282;0.0;0.0;0.0;0.0;0.0;0.0;0.0;0.0;0.0;0.0;0.0;61.282
ZEITGES-2022;HC-HC71;85.67;85.67;0.0;0.0;0.0;0.0;0.0;0.0;0.0;0.0;0.0;0.0;0.0;85.67
ZEITGES-2022;HC-HC72;897.908;34.362;863.546;863.546;0.0;776.058;776.058;0.0;0.0;0.0;0.0;0.0;0.0;1673.965
ZEITGES-2022;HC-ALLE_HC;38697.53;17456.301;21241.229;21241.229;0.0;3220.972;2271.108;829.258;120.607;7978.88;7206.073;772.807;0.0;49897.383
